time,asset,scope,active_power,active_energy
2021-07-22 17:00:12+00,ABB-114589-3Q15-3720,16ed6a4c-00cd-49db-a698-2f9512c12f58,,
2021-07-22 17:15:10+00,ABB-114589-3Q15-3720,16ed6a4c-00cd-49db-a698-2f9512c12f58,,
2021-07-22 17:30:10+00,ABB-114589-3Q15-3720,16ed6a4c-00cd-49db-a698-2f9512c12f58,,
2021-07-22 17:45:15+00,ABB-114589-3Q15-3720,16ed6a4c-00cd-49db-a698-2f9512c12f58,,
2021-07-22 18:00:15+00,ABB-114589-3Q15-3720,16ed6a4c-00cd-49db-a698-2f9512c12f58,,
2021-07-22 18:15:12+00,ABB-114589-3Q15-3720,16ed6a4c-00cd-49db-a698-2f9512c12f58,,
2021-07-22 18:30:12+00,ABB-114589-3Q15-3720,16ed6a4c-00cd-49db-a698-2f9512c12f58,,
2021-07-22 18:45:10+00,ABB-114589-3Q15-3720,16ed6a4c-00cd-49db-a698-2f9512c12f58,,
2021-07-22 19:00:10+00,ABB-114589-3Q15-3720,16ed6a4c-00cd-49db-a698-2f9512c12f58,,
2021-07-22 19:15:15+00,ABB-114589-3Q15-3720,16ed6a4c-00cd-49db-a698-2f9512c12f58,,
2021-07-22 19:30:15+00,ABB-114589-3Q15-3720,16ed6a4c-00cd-49db-a698-2f9512c12f58,,
2021-07-22 19:45:12+00,ABB-114589-3Q15-3720,16ed6a4c-00cd-49db-a698-2f9512c12f58,,
2021-07-22 20:00:10+00,ABB-114589-3Q15-3720,16ed6a4c-00cd-49db-a698-2f9512c12f58,,
2021-07-22 20:15:10+00,ABB-114589-3Q15-3720,16ed6a4c-00cd-49db-a698-2f9512c12f58,,
2021-07-22 20:30:15+00,ABB-114589-3Q15-3720,16ed6a4c-00cd-49db-a698-2f9512c12f58,,
2021-07-22 20:45:15+00,ABB-114589-3Q15-3720,16ed6a4c-00cd-49db-a698-2f9512c12f58,,
2021-07-22 21:00:12+00,ABB-114589-3Q15-3720,16ed6a4c-00cd-49db-a698-2f9512c12f58,,
2021-07-22 21:15:10+00,ABB-114589-3Q15-3720,16ed6a4c-00cd-49db-a698-2f9512c12f58,,
2021-07-22 21:30:10+00,ABB-114589-3Q15-3720,16ed6a4c-00cd-49db-a698-2f9512c12f58,,
2021-07-22 21:45:15+00,ABB-114589-3Q15-3720,16ed6a4c-00cd-49db-a698-2f9512c12f58,,
2021-07-22 22:00:15+00,ABB-114589-3Q15-3720,16ed6a4c-00cd-49db-a698-2f9512c12f58,,
2021-07-22 22:15:12+00,ABB-114589-3Q15-3720,16ed6a4c-00cd-49db-a698-2f9512c12f58,,
2021-07-22 22:30:12+00,ABB-114589-3Q15-3720,16ed6a4c-00cd-49db-a698-2f9512c12f58,0.0,105221000.0
2021-07-22 22:45:10+00,ABB-114589-3Q15-3720,16ed6a4c-00cd-49db-a698-2f9512c12f58,133.05,105221000.0
2021-07-22 23:00:10+00,ABB-114589-3Q15-3720,16ed6a4c-00cd-49db-a698-2f9512c12f58,865.08,105221000.0
2021-07-22 23:15:15+00,ABB-114589-3Q15-3720,16ed6a4c-00cd-49db-a698-2f9512c12f58,2097.97,105222000.0
2021-07-22 23:30:15+00,ABB-114589-3Q15-3720,16ed6a4c-00cd-49db-a698-2f9512c12f58,3904.91,105223000.0
2021-07-22 23:45:12+00,ABB-114589-3Q15-3720,16ed6a4c-00cd-49db-a698-2f9512c12f58,4073.86,105224000.0
2021-07-23 00:00:15+00,ABB-114589-3Q15-3720,16ed6a4c-00cd-49db-a698-2f9512c12f58,4524.42,105225000.0
2021-07-23 00:15:10+00,ABB-114589-3Q15-3720,16ed6a4c-00cd-49db-a698-2f9512c12f58,8174.85,105227000.0
2021-07-23 00:30:10+00,ABB-114589-3Q15-3720,16ed6a4c-00cd-49db-a698-2f9512c12f58,12421.41,105230000.0
2021-07-23 00:45:15+00,ABB-114589-3Q15-3720,16ed6a4c-00cd-49db-a698-2f9512c12f58,15936.79,105234000.0
2021-07-23 01:00:15+00,ABB-114589-3Q15-3720,16ed6a4c-00cd-49db-a698-2f9512c12f58,22693.08,105240000.0
2021-07-23 01:15:15+00,ABB-114589-3Q15-3720,16ed6a4c-00cd-49db-a698-2f9512c12f58,28407.07,105247000.0
2021-07-23 01:30:09+00,ABB-114589-3Q15-3720,16ed6a4c-00cd-49db-a698-2f9512c12f58,30745.83,105255000.0
2021-07-23 01:45:10+00,ABB-114589-3Q15-3720,16ed6a4c-00cd-49db-a698-2f9512c12f58,32282.31,105265000.0
2021-07-23 02:00:10+00,ABB-114589-3Q15-3720,16ed6a4c-00cd-49db-a698-2f9512c12f58,35966.97,105275000.0
2021-07-23 02:15:15+00,ABB-114589-3Q15-3720,16ed6a4c-00cd-49db-a698-2f9512c12f58,34999.46,105283000.0
2021-07-23 02:30:15+00,ABB-114589-3Q15-3720,16ed6a4c-00cd-49db-a698-2f9512c12f58,26633.0,105290000.0
2021-07-23 02:45:15+00,ABB-114589-3Q15-3720,16ed6a4c-00cd-49db-a698-2f9512c12f58,32187.72,105298000.0
2021-07-23 03:00:09+00,ABB-114589-3Q15-3720,16ed6a4c-00cd-49db-a698-2f9512c12f58,38180.33,105308000.0
2021-07-23 03:15:10+00,ABB-114589-3Q15-3720,16ed6a4c-00cd-49db-a698-2f9512c12f58,54669.92,105321000.0
2021-07-23 03:30:15+00,ABB-114589-3Q15-3720,16ed6a4c-00cd-49db-a698-2f9512c12f58,55851.27,105335000.0
2021-07-23 03:45:10+00,ABB-114589-3Q15-3720,16ed6a4c-00cd-49db-a698-2f9512c12f58,46857.4,105347000.0
2021-07-23 04:00:15+00,ABB-114589-3Q15-3720,16ed6a4c-00cd-49db-a698-2f9512c12f58,48432.6,105359000.0
2021-07-23 04:15:10+00,ABB-114589-3Q15-3720,16ed6a4c-00cd-49db-a698-2f9512c12f58,13306.15,105362000.0
2021-07-23 04:30:09+00,ABB-114589-3Q15-3720,16ed6a4c-00cd-49db-a698-2f9512c12f58,48293.0,105374000.0
2021-07-23 04:45:10+00,ABB-114589-3Q15-3720,16ed6a4c-00cd-49db-a698-2f9512c12f58,69893.52,105392000.0
2021-07-23 05:00:15+00,ABB-114589-3Q15-3720,16ed6a4c-00cd-49db-a698-2f9512c12f58,67670.28,105409000.0
2021-07-23 05:15:10+00,ABB-114589-3Q15-3720,16ed6a4c-00cd-49db-a698-2f9512c12f58,16549.53,105413000.0
2021-07-23 05:30:15+00,ABB-114589-3Q15-3720,16ed6a4c-00cd-49db-a698-2f9512c12f58,8581.5,105415000.0
2021-07-23 05:45:10+00,ABB-114589-3Q15-3720,16ed6a4c-00cd-49db-a698-2f9512c12f58,6483.12,105417000.0
2021-07-23 06:00:15+00,ABB-114589-3Q15-3720,16ed6a4c-00cd-49db-a698-2f9512c12f58,6882.08,105418000.0
2021-07-23 06:15:09+00,ABB-114589-3Q15-3720,16ed6a4c-00cd-49db-a698-2f9512c12f58,5652.59,105420000.0
2021-07-23 06:30:10+00,ABB-114589-3Q15-3720,16ed6a4c-00cd-49db-a698-2f9512c12f58,5924.01,105421000.0
2021-07-23 06:45:15+00,ABB-114589-3Q15-3720,16ed6a4c-00cd-49db-a698-2f9512c12f58,7143.89,105423000.0
2021-07-23 07:00:10+00,ABB-114589-3Q15-3720,16ed6a4c-00cd-49db-a698-2f9512c12f58,8131.76,105425000.0
2021-07-23 07:15:15+00,ABB-114589-3Q15-3720,16ed6a4c-00cd-49db-a698-2f9512c12f58,11620.42,105428000.0
2021-07-23 07:30:10+00,ABB-114589-3Q15-3720,16ed6a4c-00cd-49db-a698-2f9512c12f58,14565.81,105432000.0
2021-07-23 07:45:15+00,ABB-114589-3Q15-3720,16ed6a4c-00cd-49db-a698-2f9512c12f58,14179.99,105435000.0
2021-07-23 08:00:09+00,ABB-114589-3Q15-3720,16ed6a4c-00cd-49db-a698-2f9512c12f58,13698.7,105439000.0
2021-07-23 08:15:09+00,ABB-114589-3Q15-3720,16ed6a4c-00cd-49db-a698-2f9512c12f58,16649.15,105443000.0
2021-07-23 08:30:10+00,ABB-114589-3Q15-3720,16ed6a4c-00cd-49db-a698-2f9512c12f58,17067.03,105447000.0
2021-07-23 08:45:15+00,ABB-114589-3Q15-3720,16ed6a4c-00cd-49db-a698-2f9512c12f58,16550.65,105451000.0
2021-07-23 09:00:10+00,ABB-114589-3Q15-3720,16ed6a4c-00cd-49db-a698-2f9512c12f58,15645.71,105455000.0
2021-07-23 09:15:15+00,ABB-114589-3Q15-3720,16ed6a4c-00cd-49db-a698-2f9512c12f58,11212.49,105458000.0
2021-07-23 09:30:10+00,ABB-114589-3Q15-3720,16ed6a4c-00cd-49db-a698-2f9512c12f58,10087.97,105460000.0
2021-07-23 09:45:15+00,ABB-114589-3Q15-3720,16ed6a4c-00cd-49db-a698-2f9512c12f58,8853.01,105463000.0
2021-07-23 10:00:09+00,ABB-114589-3Q15-3720,16ed6a4c-00cd-49db-a698-2f9512c12f58,7997.24,105465000.0
2021-07-23 10:15:10+00,ABB-114589-3Q15-3720,16ed6a4c-00cd-49db-a698-2f9512c12f58,6203.02,105466000.0
2021-07-23 10:30:15+00,ABB-114589-3Q15-3720,16ed6a4c-00cd-49db-a698-2f9512c12f58,4556.59,105467000.0
2021-07-23 10:45:10+00,ABB-114589-3Q15-3720,16ed6a4c-00cd-49db-a698-2f9512c12f58,1397.72,105468000.0
2021-07-23 11:00:15+00,ABB-114589-3Q15-3720,16ed6a4c-00cd-49db-a698-2f9512c12f58,229.89,105468000.0
2021-07-23 11:15:10+00,ABB-114589-3Q15-3720,16ed6a4c-00cd-49db-a698-2f9512c12f58,0.0,105468000.0
2021-07-23 11:30:15+00,ABB-114589-3Q15-3720,16ed6a4c-00cd-49db-a698-2f9512c12f58,0.0,105468000.0
2021-07-23 11:45:15+00,ABB-114589-3Q15-3720,16ed6a4c-00cd-49db-a698-2f9512c12f58,,
2021-07-23 12:00:15+00,ABB-114589-3Q15-3720,16ed6a4c-00cd-49db-a698-2f9512c12f58,,
2021-07-23 12:15:16+00,ABB-114589-3Q15-3720,16ed6a4c-00cd-49db-a698-2f9512c12f58,,
2021-07-23 12:30:15+00,ABB-114589-3Q15-3720,16ed6a4c-00cd-49db-a698-2f9512c12f58,,
2021-07-23 12:45:15+00,ABB-114589-3Q15-3720,16ed6a4c-00cd-49db-a698-2f9512c12f58,,
2021-07-23 13:00:16+00,ABB-114589-3Q15-3720,16ed6a4c-00cd-49db-a698-2f9512c12f58,,
2021-07-23 13:15:15+00,ABB-114589-3Q15-3720,16ed6a4c-00cd-49db-a698-2f9512c12f58,,
2021-07-23 13:30:15+00,ABB-114589-3Q15-3720,16ed6a4c-00cd-49db-a698-2f9512c12f58,,
2021-07-23 13:45:15+00,ABB-114589-3Q15-3720,16ed6a4c-00cd-49db-a698-2f9512c12f58,,
2021-07-23 14:00:16+00,ABB-114589-3Q15-3720,16ed6a4c-00cd-49db-a698-2f9512c12f58,,
2021-07-23 14:15:15+00,ABB-114589-3Q15-3720,16ed6a4c-00cd-49db-a698-2f9512c12f58,,
2021-07-23 14:30:15+00,ABB-114589-3Q15-3720,16ed6a4c-00cd-49db-a698-2f9512c12f58,,
2021-07-23 14:45:16+00,ABB-114589-3Q15-3720,16ed6a4c-00cd-49db-a698-2f9512c12f58,,
2021-07-23 15:00:15+00,ABB-114589-3Q15-3720,16ed6a4c-00cd-49db-a698-2f9512c12f58,,
2021-07-23 15:15:15+00,ABB-114589-3Q15-3720,16ed6a4c-00cd-49db-a698-2f9512c12f58,,
2021-07-23 15:30:16+00,ABB-114589-3Q15-3720,16ed6a4c-00cd-49db-a698-2f9512c12f58,,
2021-07-23 15:45:15+00,ABB-114589-3Q15-3720,16ed6a4c-00cd-49db-a698-2f9512c12f58,,
2021-07-23 16:00:15+00,ABB-114589-3Q15-3720,16ed6a4c-00cd-49db-a698-2f9512c12f58,,
2021-07-23 16:15:16+00,ABB-114589-3Q15-3720,16ed6a4c-00cd-49db-a698-2f9512c12f58,,
2021-07-23 17:00:12+00,ABB-114589-3Q15-3720,16ed6a4c-00cd-49db-a698-2f9512c12f58,,
2021-07-23 17:15:10+00,ABB-114589-3Q15-3720,16ed6a4c-00cd-49db-a698-2f9512c12f58,,
2021-07-23 17:30:10+00,ABB-114589-3Q15-3720,16ed6a4c-00cd-49db-a698-2f9512c12f58,,
2021-07-23 17:45:15+00,ABB-114589-3Q15-3720,16ed6a4c-00cd-49db-a698-2f9512c12f58,,
2021-07-23 18:00:15+00,ABB-114589-3Q15-3720,16ed6a4c-00cd-49db-a698-2f9512c12f58,,
2021-07-23 18:15:12+00,ABB-114589-3Q15-3720,16ed6a4c-00cd-49db-a698-2f9512c12f58,,
2021-07-23 18:30:12+00,ABB-114589-3Q15-3720,16ed6a4c-00cd-49db-a698-2f9512c12f58,,
2021-07-23 18:45:10+00,ABB-114589-3Q15-3720,16ed6a4c-00cd-49db-a698-2f9512c12f58,,
2021-07-23 19:00:10+00,ABB-114589-3Q15-3720,16ed6a4c-00cd-49db-a698-2f9512c12f58,,
2021-07-23 19:15:15+00,ABB-114589-3Q15-3720,16ed6a4c-00cd-49db-a698-2f9512c12f58,,
2021-07-23 19:30:15+00,ABB-114589-3Q15-3720,16ed6a4c-00cd-49db-a698-2f9512c12f58,,
2021-07-23 19:45:12+00,ABB-114589-3Q15-3720,16ed6a4c-00cd-49db-a698-2f9512c12f58,,
2021-07-23 20:00:10+00,ABB-114589-3Q15-3720,16ed6a4c-00cd-49db-a698-2f9512c12f58,,
2021-07-23 20:15:10+00,ABB-114589-3Q15-3720,16ed6a4c-00cd-49db-a698-2f9512c12f58,,
2021-07-23 20:30:15+00,ABB-114589-3Q15-3720,16ed6a4c-00cd-49db-a698-2f9512c12f58,,
2021-07-23 20:45:15+00,ABB-114589-3Q15-3720,16ed6a4c-00cd-49db-a698-2f9512c12f58,,
2021-07-23 21:00:12+00,ABB-114589-3Q15-3720,16ed6a4c-00cd-49db-a698-2f9512c12f58,,
2021-07-23 21:15:10+00,ABB-114589-3Q15-3720,16ed6a4c-00cd-49db-a698-2f9512c12f58,,
2021-07-23 21:30:10+00,ABB-114589-3Q15-3720,16ed6a4c-00cd-49db-a698-2f9512c12f58,,
2021-07-23 21:45:15+00,ABB-114589-3Q15-3720,16ed6a4c-00cd-49db-a698-2f9512c12f58,,
2021-07-23 22:00:15+00,ABB-114589-3Q15-3720,16ed6a4c-00cd-49db-a698-2f9512c12f58,,
2021-07-23 22:15:12+00,ABB-114589-3Q15-3720,16ed6a4c-00cd-49db-a698-2f9512c12f58,,
2021-07-23 22:30:12+00,ABB-114589-3Q15-3720,16ed6a4c-00cd-49db-a698-2f9512c12f58,0.0,105468000.0
2021-07-23 22:45:10+00,ABB-114589-3Q15-3720,16ed6a4c-00cd-49db-a698-2f9512c12f58,186.55,105468000.0
2021-07-23 23:00:10+00,ABB-114589-3Q15-3720,16ed6a4c-00cd-49db-a698-2f9512c12f58,1014.51,105468000.0
2021-07-23 23:15:15+00,ABB-114589-3Q15-3720,16ed6a4c-00cd-49db-a698-2f9512c12f58,1908.75,105469000.0
2021-07-23 23:30:15+00,ABB-114589-3Q15-3720,16ed6a4c-00cd-49db-a698-2f9512c12f58,3022.15,105470000.0
2021-07-23 23:45:12+00,ABB-114589-3Q15-3720,16ed6a4c-00cd-49db-a698-2f9512c12f58,6135.6,105471000.0
2021-07-24 00:00:15+00,ABB-114589-3Q15-3720,16ed6a4c-00cd-49db-a698-2f9512c12f58,13394.04,105474000.0
2021-07-24 00:15:10+00,ABB-114589-3Q15-3720,16ed6a4c-00cd-49db-a698-2f9512c12f58,14967.6,105478000.0
2021-07-24 00:30:10+00,ABB-114589-3Q15-3720,16ed6a4c-00cd-49db-a698-2f9512c12f58,25000.62,105484000.0
2021-07-24 00:45:15+00,ABB-114589-3Q15-3720,16ed6a4c-00cd-49db-a698-2f9512c12f58,26195.59,105491000.0
2021-07-24 01:00:15+00,ABB-114589-3Q15-3720,16ed6a4c-00cd-49db-a698-2f9512c12f58,41626.32,105501000.0
2021-07-24 01:15:15+00,ABB-114589-3Q15-3720,16ed6a4c-00cd-49db-a698-2f9512c12f58,49486.31,105514000.0
2021-07-24 01:30:09+00,ABB-114589-3Q15-3720,16ed6a4c-00cd-49db-a698-2f9512c12f58,21372.95,105519000.0
2021-07-24 01:45:10+00,ABB-114589-3Q15-3720,16ed6a4c-00cd-49db-a698-2f9512c12f58,51873.17,105532000.0
2021-07-24 02:00:10+00,ABB-114589-3Q15-3720,16ed6a4c-00cd-49db-a698-2f9512c12f58,72299.96,105550000.0
2021-07-24 02:15:15+00,ABB-114589-3Q15-3720,16ed6a4c-00cd-49db-a698-2f9512c12f58,72876.18,105567000.0
2021-07-24 02:30:15+00,ABB-114589-3Q15-3720,16ed6a4c-00cd-49db-a698-2f9512c12f58,80331.84,105586000.0
2021-07-24 02:45:15+00,ABB-114589-3Q15-3720,16ed6a4c-00cd-49db-a698-2f9512c12f58,87161.36,105607000.0
2021-07-24 03:00:09+00,ABB-114589-3Q15-3720,16ed6a4c-00cd-49db-a698-2f9512c12f58,63319.67,105622000.0
2021-07-24 03:15:10+00,ABB-114589-3Q15-3720,16ed6a4c-00cd-49db-a698-2f9512c12f58,56994.91,105635000.0
2021-07-24 03:30:15+00,ABB-114589-3Q15-3720,16ed6a4c-00cd-49db-a698-2f9512c12f58,86529.56,105656000.0
2021-07-24 03:45:10+00,ABB-114589-3Q15-3720,16ed6a4c-00cd-49db-a698-2f9512c12f58,70941.89,105673000.0
2021-07-24 04:00:15+00,ABB-114589-3Q15-3720,16ed6a4c-00cd-49db-a698-2f9512c12f58,77460.13,105691000.0
2021-07-24 04:15:10+00,ABB-114589-3Q15-3720,16ed6a4c-00cd-49db-a698-2f9512c12f58,72138.39,105708000.0
2021-07-24 04:30:09+00,ABB-114589-3Q15-3720,16ed6a4c-00cd-49db-a698-2f9512c12f58,82382.74,105728000.0
2021-07-24 04:45:10+00,ABB-114589-3Q15-3720,16ed6a4c-00cd-49db-a698-2f9512c12f58,93438.66,105750000.0
2021-07-24 05:00:15+00,ABB-114589-3Q15-3720,16ed6a4c-00cd-49db-a698-2f9512c12f58,82045.47,105770000.0
2021-07-24 05:15:10+00,ABB-114589-3Q15-3720,16ed6a4c-00cd-49db-a698-2f9512c12f58,73735.84,105787000.0
2021-07-24 05:30:15+00,ABB-114589-3Q15-3720,16ed6a4c-00cd-49db-a698-2f9512c12f58,77601.11,105805000.0
2021-07-24 05:45:10+00,ABB-114589-3Q15-3720,16ed6a4c-00cd-49db-a698-2f9512c12f58,62679.09,105820000.0
2021-07-24 06:00:15+00,ABB-114589-3Q15-3720,16ed6a4c-00cd-49db-a698-2f9512c12f58,71438.26,105838000.0
2021-07-24 06:15:09+00,ABB-114589-3Q15-3720,16ed6a4c-00cd-49db-a698-2f9512c12f58,77727.15,105857000.0
2021-07-24 06:30:10+00,ABB-114589-3Q15-3720,16ed6a4c-00cd-49db-a698-2f9512c12f58,63006.08,105873000.0
2021-07-24 06:45:15+00,ABB-114589-3Q15-3720,16ed6a4c-00cd-49db-a698-2f9512c12f58,87857.49,105895000.0
2021-07-24 07:00:10+00,ABB-114589-3Q15-3720,16ed6a4c-00cd-49db-a698-2f9512c12f58,80938.9,105915000.0
2021-07-24 07:15:15+00,ABB-114589-3Q15-3720,16ed6a4c-00cd-49db-a698-2f9512c12f58,74139.2,105934000.0
2021-07-24 07:30:10+00,ABB-114589-3Q15-3720,16ed6a4c-00cd-49db-a698-2f9512c12f58,49838.29,105946000.0
2021-07-24 07:45:15+00,ABB-114589-3Q15-3720,16ed6a4c-00cd-49db-a698-2f9512c12f58,44389.19,105957000.0
2021-07-24 08:00:09+00,ABB-114589-3Q15-3720,16ed6a4c-00cd-49db-a698-2f9512c12f58,27680.87,105964000.0
2021-07-24 08:15:09+00,ABB-114589-3Q15-3720,16ed6a4c-00cd-49db-a698-2f9512c12f58,40771.2,105974000.0
2021-07-24 08:30:10+00,ABB-114589-3Q15-3720,16ed6a4c-00cd-49db-a698-2f9512c12f58,22989.5,105980000.0
2021-07-24 08:45:15+00,ABB-114589-3Q15-3720,16ed6a4c-00cd-49db-a698-2f9512c12f58,40713.42,105990000.0
2021-07-24 09:00:10+00,ABB-114589-3Q15-3720,16ed6a4c-00cd-49db-a698-2f9512c12f58,51784.26,106003000.0
2021-07-24 09:15:15+00,ABB-114589-3Q15-3720,16ed6a4c-00cd-49db-a698-2f9512c12f58,24758.36,106010000.0
2021-07-24 09:30:10+00,ABB-114589-3Q15-3720,16ed6a4c-00cd-49db-a698-2f9512c12f58,18376.75,106014000.0
2021-07-24 09:45:15+00,ABB-114589-3Q15-3720,16ed6a4c-00cd-49db-a698-2f9512c12f58,8865.83,106016000.0
2021-07-24 10:00:09+00,ABB-114589-3Q15-3720,16ed6a4c-00cd-49db-a698-2f9512c12f58,14333.19,106020000.0
2021-07-24 10:15:10+00,ABB-114589-3Q15-3720,16ed6a4c-00cd-49db-a698-2f9512c12f58,8338.28,106022000.0
2021-07-24 10:30:15+00,ABB-114589-3Q15-3720,16ed6a4c-00cd-49db-a698-2f9512c12f58,3938.68,106023000.0
2021-07-24 10:45:10+00,ABB-114589-3Q15-3720,16ed6a4c-00cd-49db-a698-2f9512c12f58,2419.54,106024000.0
2021-07-24 11:00:15+00,ABB-114589-3Q15-3720,16ed6a4c-00cd-49db-a698-2f9512c12f58,499.14,106024000.0
2021-07-24 11:15:10+00,ABB-114589-3Q15-3720,16ed6a4c-00cd-49db-a698-2f9512c12f58,0.0,106024000.0
2021-07-24 11:30:15+00,ABB-114589-3Q15-3720,16ed6a4c-00cd-49db-a698-2f9512c12f58,0.0,106024000.0
2021-07-24 11:45:15+00,ABB-114589-3Q15-3720,16ed6a4c-00cd-49db-a698-2f9512c12f58,,
2021-07-24 12:00:15+00,ABB-114589-3Q15-3720,16ed6a4c-00cd-49db-a698-2f9512c12f58,,
2021-07-24 12:15:16+00,ABB-114589-3Q15-3720,16ed6a4c-00cd-49db-a698-2f9512c12f58,,
2021-07-24 12:30:15+00,ABB-114589-3Q15-3720,16ed6a4c-00cd-49db-a698-2f9512c12f58,,
2021-07-24 12:45:15+00,ABB-114589-3Q15-3720,16ed6a4c-00cd-49db-a698-2f9512c12f58,,
2021-07-24 13:00:16+00,ABB-114589-3Q15-3720,16ed6a4c-00cd-49db-a698-2f9512c12f58,,
2021-07-24 13:15:15+00,ABB-114589-3Q15-3720,16ed6a4c-00cd-49db-a698-2f9512c12f58,,
2021-07-24 13:30:15+00,ABB-114589-3Q15-3720,16ed6a4c-00cd-49db-a698-2f9512c12f58,,
2021-07-24 13:45:15+00,ABB-114589-3Q15-3720,16ed6a4c-00cd-49db-a698-2f9512c12f58,,
2021-07-24 14:00:16+00,ABB-114589-3Q15-3720,16ed6a4c-00cd-49db-a698-2f9512c12f58,,
2021-07-24 14:15:15+00,ABB-114589-3Q15-3720,16ed6a4c-00cd-49db-a698-2f9512c12f58,,
2021-07-24 14:30:15+00,ABB-114589-3Q15-3720,16ed6a4c-00cd-49db-a698-2f9512c12f58,,
2021-07-24 14:45:16+00,ABB-114589-3Q15-3720,16ed6a4c-00cd-49db-a698-2f9512c12f58,,
2021-07-24 15:00:15+00,ABB-114589-3Q15-3720,16ed6a4c-00cd-49db-a698-2f9512c12f58,,
2021-07-24 15:15:15+00,ABB-114589-3Q15-3720,16ed6a4c-00cd-49db-a698-2f9512c12f58,,
2021-07-24 15:30:16+00,ABB-114589-3Q15-3720,16ed6a4c-00cd-49db-a698-2f9512c12f58,,
2021-07-24 15:45:15+00,ABB-114589-3Q15-3720,16ed6a4c-00cd-49db-a698-2f9512c12f58,,
2021-07-24 16:00:15+00,ABB-114589-3Q15-3720,16ed6a4c-00cd-49db-a698-2f9512c12f58,,
2021-07-24 16:15:16+00,ABB-114589-3Q15-3720,16ed6a4c-00cd-49db-a698-2f9512c12f58,,
2021-07-24 17:00:12+00,ABB-114589-3Q15-3720,16ed6a4c-00cd-49db-a698-2f9512c12f58,,
2021-07-24 17:15:10+00,ABB-114589-3Q15-3720,16ed6a4c-00cd-49db-a698-2f9512c12f58,,
2021-07-24 17:30:10+00,ABB-114589-3Q15-3720,16ed6a4c-00cd-49db-a698-2f9512c12f58,,
2021-07-24 17:45:15+00,ABB-114589-3Q15-3720,16ed6a4c-00cd-49db-a698-2f9512c12f58,,
2021-07-24 18:00:15+00,ABB-114589-3Q15-3720,16ed6a4c-00cd-49db-a698-2f9512c12f58,,
2021-07-24 18:15:12+00,ABB-114589-3Q15-3720,16ed6a4c-00cd-49db-a698-2f9512c12f58,,
2021-07-24 18:30:12+00,ABB-114589-3Q15-3720,16ed6a4c-00cd-49db-a698-2f9512c12f58,,
2021-07-24 18:45:10+00,ABB-114589-3Q15-3720,16ed6a4c-00cd-49db-a698-2f9512c12f58,,
2021-07-24 19:00:10+00,ABB-114589-3Q15-3720,16ed6a4c-00cd-49db-a698-2f9512c12f58,,
2021-07-24 19:15:15+00,ABB-114589-3Q15-3720,16ed6a4c-00cd-49db-a698-2f9512c12f58,,
2021-07-24 19:30:15+00,ABB-114589-3Q15-3720,16ed6a4c-00cd-49db-a698-2f9512c12f58,,
2021-07-24 19:45:12+00,ABB-114589-3Q15-3720,16ed6a4c-00cd-49db-a698-2f9512c12f58,,
2021-07-24 20:00:10+00,ABB-114589-3Q15-3720,16ed6a4c-00cd-49db-a698-2f9512c12f58,,
2021-07-24 20:15:10+00,ABB-114589-3Q15-3720,16ed6a4c-00cd-49db-a698-2f9512c12f58,,
2021-07-24 20:30:15+00,ABB-114589-3Q15-3720,16ed6a4c-00cd-49db-a698-2f9512c12f58,,
2021-07-24 20:45:15+00,ABB-114589-3Q15-3720,16ed6a4c-00cd-49db-a698-2f9512c12f58,,
2021-07-24 21:00:12+00,ABB-114589-3Q15-3720,16ed6a4c-00cd-49db-a698-2f9512c12f58,,
2021-07-24 21:15:10+00,ABB-114589-3Q15-3720,16ed6a4c-00cd-49db-a698-2f9512c12f58,,
2021-07-24 21:30:10+00,ABB-114589-3Q15-3720,16ed6a4c-00cd-49db-a698-2f9512c12f58,,
2021-07-24 21:45:15+00,ABB-114589-3Q15-3720,16ed6a4c-00cd-49db-a698-2f9512c12f58,,
2021-07-24 22:00:15+00,ABB-114589-3Q15-3720,16ed6a4c-00cd-49db-a698-2f9512c12f58,,
2021-07-24 22:15:12+00,ABB-114589-3Q15-3720,16ed6a4c-00cd-49db-a698-2f9512c12f58,,
2021-07-24 22:30:12+00,ABB-114589-3Q15-3720,16ed6a4c-00cd-49db-a698-2f9512c12f58,0.0,106024000.0
2021-07-24 22:45:10+00,ABB-114589-3Q15-3720,16ed6a4c-00cd-49db-a698-2f9512c12f58,252.97,106024000.0
2021-07-24 23:00:10+00,ABB-114589-3Q15-3720,16ed6a4c-00cd-49db-a698-2f9512c12f58,1712.29,106024000.0
2021-07-24 23:15:15+00,ABB-114589-3Q15-3720,16ed6a4c-00cd-49db-a698-2f9512c12f58,3919.44,106025000.0
2021-07-24 23:30:15+00,ABB-114589-3Q15-3720,16ed6a4c-00cd-49db-a698-2f9512c12f58,4219.98,106027000.0
2021-07-24 23:45:12+00,ABB-114589-3Q15-3720,16ed6a4c-00cd-49db-a698-2f9512c12f58,9904.76,106029000.0
2021-07-25 00:00:15+00,ABB-114589-3Q15-3720,16ed6a4c-00cd-49db-a698-2f9512c12f58,16295.74,106033000.0
2021-07-25 00:15:10+00,ABB-114589-3Q15-3720,16ed6a4c-00cd-49db-a698-2f9512c12f58,16905.87,106037000.0
2021-07-25 00:30:10+00,ABB-114589-3Q15-3720,16ed6a4c-00cd-49db-a698-2f9512c12f58,13703.39,106041000.0
2021-07-25 00:45:15+00,ABB-114589-3Q15-3720,16ed6a4c-00cd-49db-a698-2f9512c12f58,18679.55,106045000.0
2021-07-25 01:00:15+00,ABB-114589-3Q15-3720,16ed6a4c-00cd-49db-a698-2f9512c12f58,21584.38,106051000.0
2021-07-25 01:15:15+00,ABB-114589-3Q15-3720,16ed6a4c-00cd-49db-a698-2f9512c12f58,27205.66,106058000.0
2021-07-25 01:30:09+00,ABB-114589-3Q15-3720,16ed6a4c-00cd-49db-a698-2f9512c12f58,34052.14,106066000.0
2021-07-25 01:45:10+00,ABB-114589-3Q15-3720,16ed6a4c-00cd-49db-a698-2f9512c12f58,42556.55,106077000.0
2021-07-25 02:00:10+00,ABB-114589-3Q15-3720,16ed6a4c-00cd-49db-a698-2f9512c12f58,50112.25,106089000.0
2021-07-25 02:15:15+00,ABB-114589-3Q15-3720,16ed6a4c-00cd-49db-a698-2f9512c12f58,68686.35,106105000.0
2021-07-25 02:30:15+00,ABB-114589-3Q15-3720,16ed6a4c-00cd-49db-a698-2f9512c12f58,75833.36,106123000.0
2021-07-25 02:45:15+00,ABB-114589-3Q15-3720,16ed6a4c-00cd-49db-a698-2f9512c12f58,49525.38,106135000.0
2021-07-25 03:00:09+00,ABB-114589-3Q15-3720,16ed6a4c-00cd-49db-a698-2f9512c12f58,54991.61,106148000.0
2021-07-25 03:15:10+00,ABB-114589-3Q15-3720,16ed6a4c-00cd-49db-a698-2f9512c12f58,42954.5,106157000.0
2021-07-25 03:30:15+00,ABB-114589-3Q15-3720,16ed6a4c-00cd-49db-a698-2f9512c12f58,40075.17,106166000.0
2021-07-25 03:45:10+00,ABB-114589-3Q15-3720,16ed6a4c-00cd-49db-a698-2f9512c12f58,24567.66,106171000.0
2021-07-25 04:00:15+00,ABB-114589-3Q15-3720,16ed6a4c-00cd-49db-a698-2f9512c12f58,51351.71,106183000.0
2021-07-25 04:15:10+00,ABB-114589-3Q15-3720,16ed6a4c-00cd-49db-a698-2f9512c12f58,54764.14,106196000.0
2021-07-25 04:30:09+00,ABB-114589-3Q15-3720,16ed6a4c-00cd-49db-a698-2f9512c12f58,45460.07,106206000.0
2021-07-25 04:45:10+00,ABB-114589-3Q15-3720,16ed6a4c-00cd-49db-a698-2f9512c12f58,24120.17,106211000.0
2021-07-25 05:00:15+00,ABB-114589-3Q15-3720,16ed6a4c-00cd-49db-a698-2f9512c12f58,55412.76,106224000.0
2021-07-25 05:15:10+00,ABB-114589-3Q15-3720,16ed6a4c-00cd-49db-a698-2f9512c12f58,41989.69,106234000.0
2021-07-25 05:30:15+00,ABB-114589-3Q15-3720,16ed6a4c-00cd-49db-a698-2f9512c12f58,42877.54,106243000.0
2021-07-25 05:45:10+00,ABB-114589-3Q15-3720,16ed6a4c-00cd-49db-a698-2f9512c12f58,74553.87,106261000.0
2021-07-25 06:00:15+00,ABB-114589-3Q15-3720,16ed6a4c-00cd-49db-a698-2f9512c12f58,74518.61,106279000.0
2021-07-25 06:15:09+00,ABB-114589-3Q15-3720,16ed6a4c-00cd-49db-a698-2f9512c12f58,89673.63,106300000.0
2021-07-25 06:30:10+00,ABB-114589-3Q15-3720,16ed6a4c-00cd-49db-a698-2f9512c12f58,60023.57,106314000.0
2021-07-25 06:45:15+00,ABB-114589-3Q15-3720,16ed6a4c-00cd-49db-a698-2f9512c12f58,89274.7,106335000.0
2021-07-25 07:00:10+00,ABB-114589-3Q15-3720,16ed6a4c-00cd-49db-a698-2f9512c12f58,99995.26,106359000.0
2021-07-25 07:15:15+00,ABB-114589-3Q15-3720,16ed6a4c-00cd-49db-a698-2f9512c12f58,99402.66,106383000.0
2021-07-25 07:30:10+00,ABB-114589-3Q15-3720,16ed6a4c-00cd-49db-a698-2f9512c12f58,58096.09,106397000.0
2021-07-25 07:45:15+00,ABB-114589-3Q15-3720,16ed6a4c-00cd-49db-a698-2f9512c12f58,78825.42,106417000.0
2021-07-25 08:00:09+00,ABB-114589-3Q15-3720,16ed6a4c-00cd-49db-a698-2f9512c12f58,80306.03,106437000.0
2021-07-25 08:15:09+00,ABB-114589-3Q15-3720,16ed6a4c-00cd-49db-a698-2f9512c12f58,62195.75,106452000.0
2021-07-25 08:30:10+00,ABB-114589-3Q15-3720,16ed6a4c-00cd-49db-a698-2f9512c12f58,52195.73,106465000.0
2021-07-25 08:45:15+00,ABB-114589-3Q15-3720,16ed6a4c-00cd-49db-a698-2f9512c12f58,62127.71,106481000.0
2021-07-25 09:00:10+00,ABB-114589-3Q15-3720,16ed6a4c-00cd-49db-a698-2f9512c12f58,60114.99,106496000.0
2021-07-25 09:15:15+00,ABB-114589-3Q15-3720,16ed6a4c-00cd-49db-a698-2f9512c12f58,56481.36,106510000.0
2021-07-25 09:30:10+00,ABB-114589-3Q15-3720,16ed6a4c-00cd-49db-a698-2f9512c12f58,47470.15,106522000.0
2021-07-25 09:45:15+00,ABB-114589-3Q15-3720,16ed6a4c-00cd-49db-a698-2f9512c12f58,21137.2,106527000.0
2021-07-25 10:00:09+00,ABB-114589-3Q15-3720,16ed6a4c-00cd-49db-a698-2f9512c12f58,15092.25,106531000.0
2021-07-25 10:15:10+00,ABB-114589-3Q15-3720,16ed6a4c-00cd-49db-a698-2f9512c12f58,8709.05,106533000.0
2021-07-25 10:30:15+00,ABB-114589-3Q15-3720,16ed6a4c-00cd-49db-a698-2f9512c12f58,3971.26,106534000.0
2021-07-25 10:45:10+00,ABB-114589-3Q15-3720,16ed6a4c-00cd-49db-a698-2f9512c12f58,656.23,106534000.0
2021-07-25 11:00:15+00,ABB-114589-3Q15-3720,16ed6a4c-00cd-49db-a698-2f9512c12f58,94.13,106534000.0
2021-07-25 11:15:10+00,ABB-114589-3Q15-3720,16ed6a4c-00cd-49db-a698-2f9512c12f58,0.0,106534000.0
2021-07-25 11:30:15+00,ABB-114589-3Q15-3720,16ed6a4c-00cd-49db-a698-2f9512c12f58,0.0,106534000.0
2021-07-25 11:45:15+00,ABB-114589-3Q15-3720,16ed6a4c-00cd-49db-a698-2f9512c12f58,,
2021-07-25 12:00:15+00,ABB-114589-3Q15-3720,16ed6a4c-00cd-49db-a698-2f9512c12f58,,
2021-07-25 12:15:16+00,ABB-114589-3Q15-3720,16ed6a4c-00cd-49db-a698-2f9512c12f58,,
2021-07-25 12:30:15+00,ABB-114589-3Q15-3720,16ed6a4c-00cd-49db-a698-2f9512c12f58,,
2021-07-25 12:45:15+00,ABB-114589-3Q15-3720,16ed6a4c-00cd-49db-a698-2f9512c12f58,,
2021-07-25 13:00:16+00,ABB-114589-3Q15-3720,16ed6a4c-00cd-49db-a698-2f9512c12f58,,
2021-07-25 13:15:15+00,ABB-114589-3Q15-3720,16ed6a4c-00cd-49db-a698-2f9512c12f58,,
2021-07-25 13:30:15+00,ABB-114589-3Q15-3720,16ed6a4c-00cd-49db-a698-2f9512c12f58,,
2021-07-25 13:45:15+00,ABB-114589-3Q15-3720,16ed6a4c-00cd-49db-a698-2f9512c12f58,,
2021-07-25 14:00:16+00,ABB-114589-3Q15-3720,16ed6a4c-00cd-49db-a698-2f9512c12f58,,
2021-07-25 14:15:15+00,ABB-114589-3Q15-3720,16ed6a4c-00cd-49db-a698-2f9512c12f58,,
2021-07-25 14:30:15+00,ABB-114589-3Q15-3720,16ed6a4c-00cd-49db-a698-2f9512c12f58,,
2021-07-25 14:45:16+00,ABB-114589-3Q15-3720,16ed6a4c-00cd-49db-a698-2f9512c12f58,,
2021-07-25 15:00:15+00,ABB-114589-3Q15-3720,16ed6a4c-00cd-49db-a698-2f9512c12f58,,
2021-07-25 15:15:15+00,ABB-114589-3Q15-3720,16ed6a4c-00cd-49db-a698-2f9512c12f58,,
2021-07-25 15:30:16+00,ABB-114589-3Q15-3720,16ed6a4c-00cd-49db-a698-2f9512c12f58,,
2021-07-25 15:45:15+00,ABB-114589-3Q15-3720,16ed6a4c-00cd-49db-a698-2f9512c12f58,,
2021-07-25 16:00:15+00,ABB-114589-3Q15-3720,16ed6a4c-00cd-49db-a698-2f9512c12f58,,
2021-07-25 16:15:16+00,ABB-114589-3Q15-3720,16ed6a4c-00cd-49db-a698-2f9512c12f58,,
2021-07-25 17:00:12+00,ABB-114589-3Q15-3720,16ed6a4c-00cd-49db-a698-2f9512c12f58,,
2021-07-25 17:15:10+00,ABB-114589-3Q15-3720,16ed6a4c-00cd-49db-a698-2f9512c12f58,,
2021-07-25 17:30:10+00,ABB-114589-3Q15-3720,16ed6a4c-00cd-49db-a698-2f9512c12f58,,
2021-07-25 17:45:15+00,ABB-114589-3Q15-3720,16ed6a4c-00cd-49db-a698-2f9512c12f58,,
2021-07-25 18:00:15+00,ABB-114589-3Q15-3720,16ed6a4c-00cd-49db-a698-2f9512c12f58,,
2021-07-25 18:15:12+00,ABB-114589-3Q15-3720,16ed6a4c-00cd-49db-a698-2f9512c12f58,,
2021-07-25 18:30:12+00,ABB-114589-3Q15-3720,16ed6a4c-00cd-49db-a698-2f9512c12f58,,
2021-07-25 18:45:10+00,ABB-114589-3Q15-3720,16ed6a4c-00cd-49db-a698-2f9512c12f58,,
2021-07-25 19:00:10+00,ABB-114589-3Q15-3720,16ed6a4c-00cd-49db-a698-2f9512c12f58,,
2021-07-25 19:15:15+00,ABB-114589-3Q15-3720,16ed6a4c-00cd-49db-a698-2f9512c12f58,,
2021-07-25 19:30:15+00,ABB-114589-3Q15-3720,16ed6a4c-00cd-49db-a698-2f9512c12f58,,
2021-07-25 19:45:12+00,ABB-114589-3Q15-3720,16ed6a4c-00cd-49db-a698-2f9512c12f58,,
2021-07-25 20:00:10+00,ABB-114589-3Q15-3720,16ed6a4c-00cd-49db-a698-2f9512c12f58,,
2021-07-25 20:15:10+00,ABB-114589-3Q15-3720,16ed6a4c-00cd-49db-a698-2f9512c12f58,,
2021-07-25 20:30:15+00,ABB-114589-3Q15-3720,16ed6a4c-00cd-49db-a698-2f9512c12f58,,
2021-07-25 20:45:15+00,ABB-114589-3Q15-3720,16ed6a4c-00cd-49db-a698-2f9512c12f58,,
2021-07-25 21:00:12+00,ABB-114589-3Q15-3720,16ed6a4c-00cd-49db-a698-2f9512c12f58,,
2021-07-25 21:15:10+00,ABB-114589-3Q15-3720,16ed6a4c-00cd-49db-a698-2f9512c12f58,,
2021-07-25 21:30:10+00,ABB-114589-3Q15-3720,16ed6a4c-00cd-49db-a698-2f9512c12f58,,
2021-07-25 21:45:15+00,ABB-114589-3Q15-3720,16ed6a4c-00cd-49db-a698-2f9512c12f58,,
2021-07-25 22:00:15+00,ABB-114589-3Q15-3720,16ed6a4c-00cd-49db-a698-2f9512c12f58,,
2021-07-25 22:15:12+00,ABB-114589-3Q15-3720,16ed6a4c-00cd-49db-a698-2f9512c12f58,,
2021-07-25 22:30:12+00,ABB-114589-3Q15-3720,16ed6a4c-00cd-49db-a698-2f9512c12f58,0.0,106534000.0
2021-07-25 22:45:10+00,ABB-114589-3Q15-3720,16ed6a4c-00cd-49db-a698-2f9512c12f58,938.45,106534000.0
2021-07-25 23:00:10+00,ABB-114589-3Q15-3720,16ed6a4c-00cd-49db-a698-2f9512c12f58,3258.39,106535000.0
2021-07-25 23:15:15+00,ABB-114589-3Q15-3720,16ed6a4c-00cd-49db-a698-2f9512c12f58,5533.61,106536000.0
2021-07-25 23:30:15+00,ABB-114589-3Q15-3720,16ed6a4c-00cd-49db-a698-2f9512c12f58,9850.11,106539000.0
2021-07-25 23:45:12+00,ABB-114589-3Q15-3720,16ed6a4c-00cd-49db-a698-2f9512c12f58,15100.78,106543000.0
2021-07-26 00:00:15+00,ABB-114589-3Q15-3720,16ed6a4c-00cd-49db-a698-2f9512c12f58,20042.55,106548000.0
2021-07-26 00:15:10+00,ABB-114589-3Q15-3720,16ed6a4c-00cd-49db-a698-2f9512c12f58,24196.12,106554000.0
2021-07-26 00:30:10+00,ABB-114589-3Q15-3720,16ed6a4c-00cd-49db-a698-2f9512c12f58,32132.15,106562000.0
2021-07-26 00:45:15+00,ABB-114589-3Q15-3720,16ed6a4c-00cd-49db-a698-2f9512c12f58,21656.03,106567000.0
2021-07-26 01:00:15+00,ABB-114589-3Q15-3720,16ed6a4c-00cd-49db-a698-2f9512c12f58,19130.76,106572000.0
2021-07-26 01:15:15+00,ABB-114589-3Q15-3720,16ed6a4c-00cd-49db-a698-2f9512c12f58,47205.95,106584000.0
2021-07-26 01:30:09+00,ABB-114589-3Q15-3720,16ed6a4c-00cd-49db-a698-2f9512c12f58,51461.28,106597000.0
2021-07-26 01:45:10+00,ABB-114589-3Q15-3720,16ed6a4c-00cd-49db-a698-2f9512c12f58,42517.2,106607000.0
2021-07-26 02:00:10+00,ABB-114589-3Q15-3720,16ed6a4c-00cd-49db-a698-2f9512c12f58,69894.71,106625000.0
2021-07-26 02:15:15+00,ABB-114589-3Q15-3720,16ed6a4c-00cd-49db-a698-2f9512c12f58,71970.85,106642000.0
2021-07-26 02:30:15+00,ABB-114589-3Q15-3720,16ed6a4c-00cd-49db-a698-2f9512c12f58,61389.51,106656000.0
2021-07-26 02:45:15+00,ABB-114589-3Q15-3720,16ed6a4c-00cd-49db-a698-2f9512c12f58,78094.48,106675000.0
2021-07-26 03:00:09+00,ABB-114589-3Q15-3720,16ed6a4c-00cd-49db-a698-2f9512c12f58,83377.48,106694000.0
2021-07-26 03:15:10+00,ABB-114589-3Q15-3720,16ed6a4c-00cd-49db-a698-2f9512c12f58,85542.74,106715000.0
2021-07-26 03:30:15+00,ABB-114589-3Q15-3720,16ed6a4c-00cd-49db-a698-2f9512c12f58,92247.55,106737000.0
2021-07-26 03:45:10+00,ABB-114589-3Q15-3720,16ed6a4c-00cd-49db-a698-2f9512c12f58,54979.45,106750000.0
2021-07-26 04:00:15+00,ABB-114589-3Q15-3720,16ed6a4c-00cd-49db-a698-2f9512c12f58,32926.95,106757000.0
2021-07-26 04:15:10+00,ABB-114589-3Q15-3720,16ed6a4c-00cd-49db-a698-2f9512c12f58,77769.33,106775000.0
2021-07-26 04:30:09+00,ABB-114589-3Q15-3720,16ed6a4c-00cd-49db-a698-2f9512c12f58,76999.1,106794000.0
2021-07-26 04:45:10+00,ABB-114589-3Q15-3720,16ed6a4c-00cd-49db-a698-2f9512c12f58,58576.26,106807000.0
2021-07-26 05:00:15+00,ABB-114589-3Q15-3720,16ed6a4c-00cd-49db-a698-2f9512c12f58,44452.04,106817000.0
2021-07-26 05:15:10+00,ABB-114589-3Q15-3720,16ed6a4c-00cd-49db-a698-2f9512c12f58,61125.25,106833000.0
2021-07-26 05:30:15+00,ABB-114589-3Q15-3720,16ed6a4c-00cd-49db-a698-2f9512c12f58,71199.0,106850000.0
2021-07-26 05:45:10+00,ABB-114589-3Q15-3720,16ed6a4c-00cd-49db-a698-2f9512c12f58,96899.31,106875000.0
2021-07-26 06:00:15+00,ABB-114589-3Q15-3720,16ed6a4c-00cd-49db-a698-2f9512c12f58,53177.72,106888000.0
2021-07-26 06:15:09+00,ABB-114589-3Q15-3720,16ed6a4c-00cd-49db-a698-2f9512c12f58,92728.93,106911000.0
2021-07-26 06:30:10+00,ABB-114589-3Q15-3720,16ed6a4c-00cd-49db-a698-2f9512c12f58,74982.69,106930000.0
2021-07-26 06:45:15+00,ABB-114589-3Q15-3720,16ed6a4c-00cd-49db-a698-2f9512c12f58,82381.37,106950000.0
2021-07-26 07:00:10+00,ABB-114589-3Q15-3720,16ed6a4c-00cd-49db-a698-2f9512c12f58,54658.91,106964000.0
2021-07-26 07:15:15+00,ABB-114589-3Q15-3720,16ed6a4c-00cd-49db-a698-2f9512c12f58,55257.99,106978000.0
2021-07-26 07:30:10+00,ABB-114589-3Q15-3720,16ed6a4c-00cd-49db-a698-2f9512c12f58,48145.92,106990000.0
2021-07-26 07:45:15+00,ABB-114589-3Q15-3720,16ed6a4c-00cd-49db-a698-2f9512c12f58,58845.02,107005000.0
2021-07-26 08:00:09+00,ABB-114589-3Q15-3720,16ed6a4c-00cd-49db-a698-2f9512c12f58,64031.81,107021000.0
2021-07-26 08:15:09+00,ABB-114589-3Q15-3720,16ed6a4c-00cd-49db-a698-2f9512c12f58,26110.26,107027000.0
2021-07-26 08:30:10+00,ABB-114589-3Q15-3720,16ed6a4c-00cd-49db-a698-2f9512c12f58,37326.41,107037000.0
2021-07-26 08:45:15+00,ABB-114589-3Q15-3720,16ed6a4c-00cd-49db-a698-2f9512c12f58,17671.72,107041000.0
2021-07-26 09:00:10+00,ABB-114589-3Q15-3720,16ed6a4c-00cd-49db-a698-2f9512c12f58,10767.59,107044000.0
2021-07-26 09:15:15+00,ABB-114589-3Q15-3720,16ed6a4c-00cd-49db-a698-2f9512c12f58,16548.04,107048000.0
2021-07-26 09:30:10+00,ABB-114589-3Q15-3720,16ed6a4c-00cd-49db-a698-2f9512c12f58,17807.84,107052000.0
2021-07-26 09:45:15+00,ABB-114589-3Q15-3720,16ed6a4c-00cd-49db-a698-2f9512c12f58,30631.69,107060000.0
2021-07-26 10:00:09+00,ABB-114589-3Q15-3720,16ed6a4c-00cd-49db-a698-2f9512c12f58,30840.76,107068000.0
2021-07-26 10:15:10+00,ABB-114589-3Q15-3720,16ed6a4c-00cd-49db-a698-2f9512c12f58,20954.78,107073000.0
2021-07-26 10:30:15+00,ABB-114589-3Q15-3720,16ed6a4c-00cd-49db-a698-2f9512c12f58,5397.6,107074000.0
2021-07-26 10:45:10+00,ABB-114589-3Q15-3720,16ed6a4c-00cd-49db-a698-2f9512c12f58,7185.27,107076000.0
2021-07-26 11:00:15+00,ABB-114589-3Q15-3720,16ed6a4c-00cd-49db-a698-2f9512c12f58,2514.73,107077000.0
2021-07-26 11:15:10+00,ABB-114589-3Q15-3720,16ed6a4c-00cd-49db-a698-2f9512c12f58,226.28,107077000.0
2021-07-26 11:30:15+00,ABB-114589-3Q15-3720,16ed6a4c-00cd-49db-a698-2f9512c12f58,0.0,107077000.0
2021-07-26 11:45:15+00,ABB-114589-3Q15-3720,16ed6a4c-00cd-49db-a698-2f9512c12f58,,
2021-07-26 12:00:15+00,ABB-114589-3Q15-3720,16ed6a4c-00cd-49db-a698-2f9512c12f58,,
2021-07-26 12:15:16+00,ABB-114589-3Q15-3720,16ed6a4c-00cd-49db-a698-2f9512c12f58,,
2021-07-26 12:30:15+00,ABB-114589-3Q15-3720,16ed6a4c-00cd-49db-a698-2f9512c12f58,,
2021-07-26 12:45:15+00,ABB-114589-3Q15-3720,16ed6a4c-00cd-49db-a698-2f9512c12f58,,
2021-07-26 13:00:16+00,ABB-114589-3Q15-3720,16ed6a4c-00cd-49db-a698-2f9512c12f58,,
2021-07-26 13:15:15+00,ABB-114589-3Q15-3720,16ed6a4c-00cd-49db-a698-2f9512c12f58,,
2021-07-26 13:30:15+00,ABB-114589-3Q15-3720,16ed6a4c-00cd-49db-a698-2f9512c12f58,,
2021-07-26 13:45:15+00,ABB-114589-3Q15-3720,16ed6a4c-00cd-49db-a698-2f9512c12f58,,
2021-07-26 14:00:16+00,ABB-114589-3Q15-3720,16ed6a4c-00cd-49db-a698-2f9512c12f58,,
2021-07-26 14:15:15+00,ABB-114589-3Q15-3720,16ed6a4c-00cd-49db-a698-2f9512c12f58,,
2021-07-26 14:30:15+00,ABB-114589-3Q15-3720,16ed6a4c-00cd-49db-a698-2f9512c12f58,,
2021-07-26 14:45:16+00,ABB-114589-3Q15-3720,16ed6a4c-00cd-49db-a698-2f9512c12f58,,
2021-07-26 15:00:15+00,ABB-114589-3Q15-3720,16ed6a4c-00cd-49db-a698-2f9512c12f58,,
2021-07-26 15:15:15+00,ABB-114589-3Q15-3720,16ed6a4c-00cd-49db-a698-2f9512c12f58,,
2021-07-26 15:30:16+00,ABB-114589-3Q15-3720,16ed6a4c-00cd-49db-a698-2f9512c12f58,,
2021-07-26 15:45:15+00,ABB-114589-3Q15-3720,16ed6a4c-00cd-49db-a698-2f9512c12f58,,
2021-07-26 16:00:15+00,ABB-114589-3Q15-3720,16ed6a4c-00cd-49db-a698-2f9512c12f58,,
2021-07-26 16:15:16+00,ABB-114589-3Q15-3720,16ed6a4c-00cd-49db-a698-2f9512c12f58,,
2021-07-26 17:00:12+00,ABB-114589-3Q15-3720,16ed6a4c-00cd-49db-a698-2f9512c12f58,,
2021-07-26 17:15:10+00,ABB-114589-3Q15-3720,16ed6a4c-00cd-49db-a698-2f9512c12f58,,
2021-07-26 17:30:10+00,ABB-114589-3Q15-3720,16ed6a4c-00cd-49db-a698-2f9512c12f58,,
2021-07-26 17:45:15+00,ABB-114589-3Q15-3720,16ed6a4c-00cd-49db-a698-2f9512c12f58,,
2021-07-26 18:00:15+00,ABB-114589-3Q15-3720,16ed6a4c-00cd-49db-a698-2f9512c12f58,,
2021-07-26 18:15:12+00,ABB-114589-3Q15-3720,16ed6a4c-00cd-49db-a698-2f9512c12f58,,
2021-07-26 18:30:12+00,ABB-114589-3Q15-3720,16ed6a4c-00cd-49db-a698-2f9512c12f58,,
2021-07-26 18:45:10+00,ABB-114589-3Q15-3720,16ed6a4c-00cd-49db-a698-2f9512c12f58,,
2021-07-26 19:00:10+00,ABB-114589-3Q15-3720,16ed6a4c-00cd-49db-a698-2f9512c12f58,,
2021-07-26 19:15:15+00,ABB-114589-3Q15-3720,16ed6a4c-00cd-49db-a698-2f9512c12f58,,
2021-07-26 19:30:15+00,ABB-114589-3Q15-3720,16ed6a4c-00cd-49db-a698-2f9512c12f58,,
2021-07-26 19:45:12+00,ABB-114589-3Q15-3720,16ed6a4c-00cd-49db-a698-2f9512c12f58,,
2021-07-26 20:00:10+00,ABB-114589-3Q15-3720,16ed6a4c-00cd-49db-a698-2f9512c12f58,,
2021-07-26 20:15:10+00,ABB-114589-3Q15-3720,16ed6a4c-00cd-49db-a698-2f9512c12f58,,
2021-07-26 20:30:15+00,ABB-114589-3Q15-3720,16ed6a4c-00cd-49db-a698-2f9512c12f58,,
2021-07-26 20:45:15+00,ABB-114589-3Q15-3720,16ed6a4c-00cd-49db-a698-2f9512c12f58,,
2021-07-26 21:00:12+00,ABB-114589-3Q15-3720,16ed6a4c-00cd-49db-a698-2f9512c12f58,,
2021-07-26 21:15:10+00,ABB-114589-3Q15-3720,16ed6a4c-00cd-49db-a698-2f9512c12f58,,
2021-07-26 21:30:10+00,ABB-114589-3Q15-3720,16ed6a4c-00cd-49db-a698-2f9512c12f58,,
2021-07-26 21:45:15+00,ABB-114589-3Q15-3720,16ed6a4c-00cd-49db-a698-2f9512c12f58,,
2021-07-26 22:00:15+00,ABB-114589-3Q15-3720,16ed6a4c-00cd-49db-a698-2f9512c12f58,,
2021-07-26 22:15:12+00,ABB-114589-3Q15-3720,16ed6a4c-00cd-49db-a698-2f9512c12f58,,
2021-07-26 22:30:12+00,ABB-114589-3Q15-3720,16ed6a4c-00cd-49db-a698-2f9512c12f58,0.0,107077000.0
2021-07-26 22:45:10+00,ABB-114589-3Q15-3720,16ed6a4c-00cd-49db-a698-2f9512c12f58,770.99,107077000.0
2021-07-26 23:00:10+00,ABB-114589-3Q15-3720,16ed6a4c-00cd-49db-a698-2f9512c12f58,1779.15,107078000.0
2021-07-26 23:15:15+00,ABB-114589-3Q15-3720,16ed6a4c-00cd-49db-a698-2f9512c12f58,3751.1,107079000.0
2021-07-26 23:30:15+00,ABB-114589-3Q15-3720,16ed6a4c-00cd-49db-a698-2f9512c12f58,5495.2,107080000.0
2021-07-26 23:45:12+00,ABB-114589-3Q15-3720,16ed6a4c-00cd-49db-a698-2f9512c12f58,11938.5,107083000.0
2021-07-27 00:00:15+00,ABB-114589-3Q15-3720,16ed6a4c-00cd-49db-a698-2f9512c12f58,14619.2,107087000.0
2021-07-27 00:15:10+00,ABB-114589-3Q15-3720,16ed6a4c-00cd-49db-a698-2f9512c12f58,17565.89,107091000.0
2021-07-27 00:30:10+00,ABB-114589-3Q15-3720,16ed6a4c-00cd-49db-a698-2f9512c12f58,14253.8,107095000.0
2021-07-27 00:45:15+00,ABB-114589-3Q15-3720,16ed6a4c-00cd-49db-a698-2f9512c12f58,19644.65,107099000.0
2021-07-27 01:00:15+00,ABB-114589-3Q15-3720,16ed6a4c-00cd-49db-a698-2f9512c12f58,35482.6,107108000.0
2021-07-27 01:15:15+00,ABB-114589-3Q15-3720,16ed6a4c-00cd-49db-a698-2f9512c12f58,42731.59,107119000.0
2021-07-27 01:30:09+00,ABB-114589-3Q15-3720,16ed6a4c-00cd-49db-a698-2f9512c12f58,58872.9,107134000.0
2021-07-27 01:45:10+00,ABB-114589-3Q15-3720,16ed6a4c-00cd-49db-a698-2f9512c12f58,53527.41,107147000.0
2021-07-27 02:00:10+00,ABB-114589-3Q15-3720,16ed6a4c-00cd-49db-a698-2f9512c12f58,69027.49,107164000.0
2021-07-27 02:15:15+00,ABB-114589-3Q15-3720,16ed6a4c-00cd-49db-a698-2f9512c12f58,39908.75,107173000.0
2021-07-27 02:30:15+00,ABB-114589-3Q15-3720,16ed6a4c-00cd-49db-a698-2f9512c12f58,39539.39,107182000.0
2021-07-27 02:45:15+00,ABB-114589-3Q15-3720,16ed6a4c-00cd-49db-a698-2f9512c12f58,85688.77,107203000.0
2021-07-27 03:00:09+00,ABB-114589-3Q15-3720,16ed6a4c-00cd-49db-a698-2f9512c12f58,66009.92,107218000.0
2021-07-27 03:15:10+00,ABB-114589-3Q15-3720,16ed6a4c-00cd-49db-a698-2f9512c12f58,90761.61,107240000.0
2021-07-27 03:30:15+00,ABB-114589-3Q15-3720,16ed6a4c-00cd-49db-a698-2f9512c12f58,52427.03,107252000.0
2021-07-27 03:45:10+00,ABB-114589-3Q15-3720,16ed6a4c-00cd-49db-a698-2f9512c12f58,48566.47,107263000.0
2021-07-27 04:00:15+00,ABB-114589-3Q15-3720,16ed6a4c-00cd-49db-a698-2f9512c12f58,72467.09,107280000.0
2021-07-27 04:15:10+00,ABB-114589-3Q15-3720,16ed6a4c-00cd-49db-a698-2f9512c12f58,97126.62,107303000.0
2021-07-27 04:30:09+00,ABB-114589-3Q15-3720,16ed6a4c-00cd-49db-a698-2f9512c12f58,80559.74,107323000.0
2021-07-27 04:45:10+00,ABB-114589-3Q15-3720,16ed6a4c-00cd-49db-a698-2f9512c12f58,53743.84,107335000.0
2021-07-27 05:00:15+00,ABB-114589-3Q15-3720,16ed6a4c-00cd-49db-a698-2f9512c12f58,76154.04,107353000.0
2021-07-27 05:15:10+00,ABB-114589-3Q15-3720,16ed6a4c-00cd-49db-a698-2f9512c12f58,31264.63,107360000.0
2021-07-27 05:30:15+00,ABB-114589-3Q15-3720,16ed6a4c-00cd-49db-a698-2f9512c12f58,27297.02,107367000.0
2021-07-27 05:45:10+00,ABB-114589-3Q15-3720,16ed6a4c-00cd-49db-a698-2f9512c12f58,35785.13,107376000.0
2021-07-27 06:00:15+00,ABB-114589-3Q15-3720,16ed6a4c-00cd-49db-a698-2f9512c12f58,43203.41,107386000.0
2021-07-27 06:15:09+00,ABB-114589-3Q15-3720,16ed6a4c-00cd-49db-a698-2f9512c12f58,75003.42,107405000.0
2021-07-27 06:30:10+00,ABB-114589-3Q15-3720,16ed6a4c-00cd-49db-a698-2f9512c12f58,18968.02,107410000.0
2021-07-27 06:45:15+00,ABB-114589-3Q15-3720,16ed6a4c-00cd-49db-a698-2f9512c12f58,33647.2,107418000.0
2021-07-27 07:00:10+00,ABB-114589-3Q15-3720,16ed6a4c-00cd-49db-a698-2f9512c12f58,5488.41,107420000.0
2021-07-27 07:15:15+00,ABB-114589-3Q15-3720,16ed6a4c-00cd-49db-a698-2f9512c12f58,15986.43,107424000.0
2021-07-27 07:30:10+00,ABB-114589-3Q15-3720,16ed6a4c-00cd-49db-a698-2f9512c12f58,14575.0,107427000.0
2021-07-27 07:45:15+00,ABB-114589-3Q15-3720,16ed6a4c-00cd-49db-a698-2f9512c12f58,14212.29,107431000.0
2021-07-27 08:00:09+00,ABB-114589-3Q15-3720,16ed6a4c-00cd-49db-a698-2f9512c12f58,14176.74,107435000.0
2021-07-27 08:15:09+00,ABB-114589-3Q15-3720,16ed6a4c-00cd-49db-a698-2f9512c12f58,16047.82,107439000.0
2021-07-27 08:30:10+00,ABB-114589-3Q15-3720,16ed6a4c-00cd-49db-a698-2f9512c12f58,15614.11,107442000.0
2021-07-27 08:45:15+00,ABB-114589-3Q15-3720,16ed6a4c-00cd-49db-a698-2f9512c12f58,14592.89,107446000.0
2021-07-27 09:00:10+00,ABB-114589-3Q15-3720,16ed6a4c-00cd-49db-a698-2f9512c12f58,13801.27,107450000.0
2021-07-27 09:15:15+00,ABB-114589-3Q15-3720,16ed6a4c-00cd-49db-a698-2f9512c12f58,13753.98,107453000.0
2021-07-27 09:30:10+00,ABB-114589-3Q15-3720,16ed6a4c-00cd-49db-a698-2f9512c12f58,11877.67,107456000.0
2021-07-27 09:45:15+00,ABB-114589-3Q15-3720,16ed6a4c-00cd-49db-a698-2f9512c12f58,10168.85,107458000.0
2021-07-27 10:00:09+00,ABB-114589-3Q15-3720,16ed6a4c-00cd-49db-a698-2f9512c12f58,12707.38,107462000.0
2021-07-27 10:15:10+00,ABB-114589-3Q15-3720,16ed6a4c-00cd-49db-a698-2f9512c12f58,13617.09,107465000.0
2021-07-27 10:30:15+00,ABB-114589-3Q15-3720,16ed6a4c-00cd-49db-a698-2f9512c12f58,10465.0,107468000.0
2021-07-27 10:45:10+00,ABB-114589-3Q15-3720,16ed6a4c-00cd-49db-a698-2f9512c12f58,5550.1,107469000.0
2021-07-27 11:00:15+00,ABB-114589-3Q15-3720,16ed6a4c-00cd-49db-a698-2f9512c12f58,1204.96,107469000.0
2021-07-27 11:15:10+00,ABB-114589-3Q15-3720,16ed6a4c-00cd-49db-a698-2f9512c12f58,0.0,107469000.0
2021-07-27 11:30:15+00,ABB-114589-3Q15-3720,16ed6a4c-00cd-49db-a698-2f9512c12f58,0.0,107469000.0
2021-07-27 11:45:15+00,ABB-114589-3Q15-3720,16ed6a4c-00cd-49db-a698-2f9512c12f58,,
2021-07-27 12:00:15+00,ABB-114589-3Q15-3720,16ed6a4c-00cd-49db-a698-2f9512c12f58,,
2021-07-27 12:15:16+00,ABB-114589-3Q15-3720,16ed6a4c-00cd-49db-a698-2f9512c12f58,,
2021-07-27 12:30:15+00,ABB-114589-3Q15-3720,16ed6a4c-00cd-49db-a698-2f9512c12f58,,
2021-07-27 12:45:15+00,ABB-114589-3Q15-3720,16ed6a4c-00cd-49db-a698-2f9512c12f58,,
2021-07-27 13:00:16+00,ABB-114589-3Q15-3720,16ed6a4c-00cd-49db-a698-2f9512c12f58,,
2021-07-27 13:15:15+00,ABB-114589-3Q15-3720,16ed6a4c-00cd-49db-a698-2f9512c12f58,,
2021-07-27 13:30:15+00,ABB-114589-3Q15-3720,16ed6a4c-00cd-49db-a698-2f9512c12f58,,
2021-07-27 13:45:15+00,ABB-114589-3Q15-3720,16ed6a4c-00cd-49db-a698-2f9512c12f58,,
2021-07-27 14:00:16+00,ABB-114589-3Q15-3720,16ed6a4c-00cd-49db-a698-2f9512c12f58,,
2021-07-27 14:15:15+00,ABB-114589-3Q15-3720,16ed6a4c-00cd-49db-a698-2f9512c12f58,,
2021-07-27 14:30:15+00,ABB-114589-3Q15-3720,16ed6a4c-00cd-49db-a698-2f9512c12f58,,
2021-07-27 14:45:16+00,ABB-114589-3Q15-3720,16ed6a4c-00cd-49db-a698-2f9512c12f58,,
2021-07-27 15:00:15+00,ABB-114589-3Q15-3720,16ed6a4c-00cd-49db-a698-2f9512c12f58,,
2021-07-27 15:15:15+00,ABB-114589-3Q15-3720,16ed6a4c-00cd-49db-a698-2f9512c12f58,,
2021-07-27 15:30:16+00,ABB-114589-3Q15-3720,16ed6a4c-00cd-49db-a698-2f9512c12f58,,
2021-07-27 15:45:15+00,ABB-114589-3Q15-3720,16ed6a4c-00cd-49db-a698-2f9512c12f58,,
2021-07-27 16:00:15+00,ABB-114589-3Q15-3720,16ed6a4c-00cd-49db-a698-2f9512c12f58,,
2021-07-27 16:15:16+00,ABB-114589-3Q15-3720,16ed6a4c-00cd-49db-a698-2f9512c12f58,,
2021-07-27 17:00:12+00,ABB-114589-3Q15-3720,16ed6a4c-00cd-49db-a698-2f9512c12f58,,
2021-07-27 17:15:10+00,ABB-114589-3Q15-3720,16ed6a4c-00cd-49db-a698-2f9512c12f58,,
2021-07-27 17:30:10+00,ABB-114589-3Q15-3720,16ed6a4c-00cd-49db-a698-2f9512c12f58,,
2021-07-27 17:45:15+00,ABB-114589-3Q15-3720,16ed6a4c-00cd-49db-a698-2f9512c12f58,,
2021-07-27 18:00:15+00,ABB-114589-3Q15-3720,16ed6a4c-00cd-49db-a698-2f9512c12f58,,
2021-07-27 18:15:12+00,ABB-114589-3Q15-3720,16ed6a4c-00cd-49db-a698-2f9512c12f58,,
2021-07-27 18:30:12+00,ABB-114589-3Q15-3720,16ed6a4c-00cd-49db-a698-2f9512c12f58,,
2021-07-27 18:45:10+00,ABB-114589-3Q15-3720,16ed6a4c-00cd-49db-a698-2f9512c12f58,,
2021-07-27 19:00:10+00,ABB-114589-3Q15-3720,16ed6a4c-00cd-49db-a698-2f9512c12f58,,
2021-07-27 19:15:15+00,ABB-114589-3Q15-3720,16ed6a4c-00cd-49db-a698-2f9512c12f58,,
2021-07-27 19:30:15+00,ABB-114589-3Q15-3720,16ed6a4c-00cd-49db-a698-2f9512c12f58,,
2021-07-27 19:45:12+00,ABB-114589-3Q15-3720,16ed6a4c-00cd-49db-a698-2f9512c12f58,,
2021-07-27 20:00:10+00,ABB-114589-3Q15-3720,16ed6a4c-00cd-49db-a698-2f9512c12f58,,
2021-07-27 20:15:10+00,ABB-114589-3Q15-3720,16ed6a4c-00cd-49db-a698-2f9512c12f58,,
2021-07-27 20:30:15+00,ABB-114589-3Q15-3720,16ed6a4c-00cd-49db-a698-2f9512c12f58,,
2021-07-27 20:45:15+00,ABB-114589-3Q15-3720,16ed6a4c-00cd-49db-a698-2f9512c12f58,,
2021-07-27 21:00:12+00,ABB-114589-3Q15-3720,16ed6a4c-00cd-49db-a698-2f9512c12f58,,
2021-07-27 21:15:10+00,ABB-114589-3Q15-3720,16ed6a4c-00cd-49db-a698-2f9512c12f58,,
2021-07-27 21:30:10+00,ABB-114589-3Q15-3720,16ed6a4c-00cd-49db-a698-2f9512c12f58,,
2021-07-27 21:45:15+00,ABB-114589-3Q15-3720,16ed6a4c-00cd-49db-a698-2f9512c12f58,,
2021-07-27 22:00:15+00,ABB-114589-3Q15-3720,16ed6a4c-00cd-49db-a698-2f9512c12f58,,
2021-07-27 22:15:12+00,ABB-114589-3Q15-3720,16ed6a4c-00cd-49db-a698-2f9512c12f58,,
2021-07-27 22:30:12+00,ABB-114589-3Q15-3720,16ed6a4c-00cd-49db-a698-2f9512c12f58,0.0,107469000.0
2021-07-27 22:45:10+00,ABB-114589-3Q15-3720,16ed6a4c-00cd-49db-a698-2f9512c12f58,235.66,107469000.0
2021-07-27 23:00:10+00,ABB-114589-3Q15-3720,16ed6a4c-00cd-49db-a698-2f9512c12f58,1432.14,107469000.0
2021-07-27 23:15:15+00,ABB-114589-3Q15-3720,16ed6a4c-00cd-49db-a698-2f9512c12f58,3369.46,107470000.0
2021-07-27 23:30:15+00,ABB-114589-3Q15-3720,16ed6a4c-00cd-49db-a698-2f9512c12f58,6248.71,107472000.0
2021-07-27 23:45:12+00,ABB-114589-3Q15-3720,16ed6a4c-00cd-49db-a698-2f9512c12f58,9935.61,107474000.0
2021-07-28 00:00:15+00,ABB-114589-3Q15-3720,16ed6a4c-00cd-49db-a698-2f9512c12f58,22954.34,107480000.0
2021-07-28 00:15:10+00,ABB-114589-3Q15-3720,16ed6a4c-00cd-49db-a698-2f9512c12f58,20359.82,107485000.0
2021-07-28 00:30:10+00,ABB-114589-3Q15-3720,16ed6a4c-00cd-49db-a698-2f9512c12f58,28973.82,107492000.0
2021-07-28 00:45:15+00,ABB-114589-3Q15-3720,16ed6a4c-00cd-49db-a698-2f9512c12f58,43595.47,107503000.0
2021-07-28 01:00:15+00,ABB-114589-3Q15-3720,16ed6a4c-00cd-49db-a698-2f9512c12f58,48676.14,107515000.0
2021-07-28 01:15:15+00,ABB-114589-3Q15-3720,16ed6a4c-00cd-49db-a698-2f9512c12f58,31528.35,107523000.0
2021-07-28 01:30:09+00,ABB-114589-3Q15-3720,16ed6a4c-00cd-49db-a698-2f9512c12f58,58733.88,107538000.0
2021-07-28 01:45:10+00,ABB-114589-3Q15-3720,16ed6a4c-00cd-49db-a698-2f9512c12f58,36190.43,107547000.0
2021-07-28 02:00:10+00,ABB-114589-3Q15-3720,16ed6a4c-00cd-49db-a698-2f9512c12f58,44568.08,107558000.0
2021-07-28 02:15:15+00,ABB-114589-3Q15-3720,16ed6a4c-00cd-49db-a698-2f9512c12f58,39050.14,107567000.0
2021-07-28 02:30:15+00,ABB-114589-3Q15-3720,16ed6a4c-00cd-49db-a698-2f9512c12f58,42096.79,107576000.0
2021-07-28 02:45:15+00,ABB-114589-3Q15-3720,16ed6a4c-00cd-49db-a698-2f9512c12f58,47651.93,107587000.0
2021-07-28 03:00:09+00,ABB-114589-3Q15-3720,16ed6a4c-00cd-49db-a698-2f9512c12f58,59891.78,107602000.0
2021-07-28 03:15:10+00,ABB-114589-3Q15-3720,16ed6a4c-00cd-49db-a698-2f9512c12f58,63909.27,107618000.0
2021-07-28 03:30:15+00,ABB-114589-3Q15-3720,16ed6a4c-00cd-49db-a698-2f9512c12f58,55039.32,107632000.0
2021-07-28 03:45:10+00,ABB-114589-3Q15-3720,16ed6a4c-00cd-49db-a698-2f9512c12f58,86526.2,107654000.0
2021-07-28 04:00:15+00,ABB-114589-3Q15-3720,16ed6a4c-00cd-49db-a698-2f9512c12f58,29421.95,107661000.0
2021-07-28 04:15:10+00,ABB-114589-3Q15-3720,16ed6a4c-00cd-49db-a698-2f9512c12f58,30727.25,107669000.0
2021-07-28 04:30:09+00,ABB-114589-3Q15-3720,16ed6a4c-00cd-49db-a698-2f9512c12f58,60787.61,107684000.0
2021-07-28 04:45:10+00,ABB-114589-3Q15-3720,16ed6a4c-00cd-49db-a698-2f9512c12f58,48377.12,107696000.0
2021-07-28 05:00:15+00,ABB-114589-3Q15-3720,16ed6a4c-00cd-49db-a698-2f9512c12f58,73214.71,107714000.0
2021-07-28 05:15:10+00,ABB-114589-3Q15-3720,16ed6a4c-00cd-49db-a698-2f9512c12f58,8062.85,107716000.0
2021-07-28 05:30:15+00,ABB-114589-3Q15-3720,16ed6a4c-00cd-49db-a698-2f9512c12f58,20938.63,107722000.0
2021-07-28 05:45:10+00,ABB-114589-3Q15-3720,16ed6a4c-00cd-49db-a698-2f9512c12f58,29255.5,107729000.0
2021-07-28 06:00:15+00,ABB-114589-3Q15-3720,16ed6a4c-00cd-49db-a698-2f9512c12f58,26679.54,107736000.0
2021-07-28 06:15:09+00,ABB-114589-3Q15-3720,16ed6a4c-00cd-49db-a698-2f9512c12f58,16965.18,107740000.0
2021-07-28 06:30:10+00,ABB-114589-3Q15-3720,16ed6a4c-00cd-49db-a698-2f9512c12f58,12997.82,107743000.0
2021-07-28 06:45:15+00,ABB-114589-3Q15-3720,16ed6a4c-00cd-49db-a698-2f9512c12f58,11130.93,107746000.0
2021-07-28 07:00:10+00,ABB-114589-3Q15-3720,16ed6a4c-00cd-49db-a698-2f9512c12f58,12489.92,107749000.0
2021-07-28 07:15:15+00,ABB-114589-3Q15-3720,16ed6a4c-00cd-49db-a698-2f9512c12f58,15255.23,107753000.0
2021-07-28 07:30:10+00,ABB-114589-3Q15-3720,16ed6a4c-00cd-49db-a698-2f9512c12f58,20000.86,107758000.0
2021-07-28 07:45:15+00,ABB-114589-3Q15-3720,16ed6a4c-00cd-49db-a698-2f9512c12f58,21044.06,107763000.0
2021-07-28 08:00:09+00,ABB-114589-3Q15-3720,16ed6a4c-00cd-49db-a698-2f9512c12f58,24530.41,107769000.0
2021-07-28 08:15:09+00,ABB-114589-3Q15-3720,16ed6a4c-00cd-49db-a698-2f9512c12f58,24042.44,107775000.0
2021-07-28 08:30:10+00,ABB-114589-3Q15-3720,16ed6a4c-00cd-49db-a698-2f9512c12f58,38366.52,107785000.0
2021-07-28 08:45:15+00,ABB-114589-3Q15-3720,16ed6a4c-00cd-49db-a698-2f9512c12f58,25888.72,107791000.0
2021-07-28 09:00:10+00,ABB-114589-3Q15-3720,16ed6a4c-00cd-49db-a698-2f9512c12f58,28694.11,107798000.0
2021-07-28 09:15:15+00,ABB-114589-3Q15-3720,16ed6a4c-00cd-49db-a698-2f9512c12f58,20917.88,107804000.0
2021-07-28 09:30:10+00,ABB-114589-3Q15-3720,16ed6a4c-00cd-49db-a698-2f9512c12f58,14228.53,107807000.0
2021-07-28 09:45:15+00,ABB-114589-3Q15-3720,16ed6a4c-00cd-49db-a698-2f9512c12f58,12411.46,107810000.0
2021-07-28 10:00:09+00,ABB-114589-3Q15-3720,16ed6a4c-00cd-49db-a698-2f9512c12f58,14578.03,107814000.0
2021-07-28 10:15:10+00,ABB-114589-3Q15-3720,16ed6a4c-00cd-49db-a698-2f9512c12f58,11698.59,107817000.0
2021-07-28 10:30:15+00,ABB-114589-3Q15-3720,16ed6a4c-00cd-49db-a698-2f9512c12f58,3249.31,107818000.0
2021-07-28 10:45:10+00,ABB-114589-3Q15-3720,16ed6a4c-00cd-49db-a698-2f9512c12f58,2569.25,107818000.0
2021-07-28 11:00:15+00,ABB-114589-3Q15-3720,16ed6a4c-00cd-49db-a698-2f9512c12f58,40.89,107818000.0
2021-07-28 11:15:10+00,ABB-114589-3Q15-3720,16ed6a4c-00cd-49db-a698-2f9512c12f58,0.0,107818000.0
2021-07-28 11:30:15+00,ABB-114589-3Q15-3720,16ed6a4c-00cd-49db-a698-2f9512c12f58,0.0,107818000.0
2021-07-28 11:45:15+00,ABB-114589-3Q15-3720,16ed6a4c-00cd-49db-a698-2f9512c12f58,,
2021-07-28 12:00:15+00,ABB-114589-3Q15-3720,16ed6a4c-00cd-49db-a698-2f9512c12f58,,
2021-07-28 12:15:16+00,ABB-114589-3Q15-3720,16ed6a4c-00cd-49db-a698-2f9512c12f58,,
2021-07-28 12:30:15+00,ABB-114589-3Q15-3720,16ed6a4c-00cd-49db-a698-2f9512c12f58,,
2021-07-28 12:45:15+00,ABB-114589-3Q15-3720,16ed6a4c-00cd-49db-a698-2f9512c12f58,,
2021-07-28 13:00:16+00,ABB-114589-3Q15-3720,16ed6a4c-00cd-49db-a698-2f9512c12f58,,
2021-07-28 13:15:15+00,ABB-114589-3Q15-3720,16ed6a4c-00cd-49db-a698-2f9512c12f58,,
2021-07-28 13:30:15+00,ABB-114589-3Q15-3720,16ed6a4c-00cd-49db-a698-2f9512c12f58,,
2021-07-28 13:45:15+00,ABB-114589-3Q15-3720,16ed6a4c-00cd-49db-a698-2f9512c12f58,,
2021-07-28 14:00:16+00,ABB-114589-3Q15-3720,16ed6a4c-00cd-49db-a698-2f9512c12f58,,
2021-07-28 14:15:15+00,ABB-114589-3Q15-3720,16ed6a4c-00cd-49db-a698-2f9512c12f58,,
2021-07-28 14:30:15+00,ABB-114589-3Q15-3720,16ed6a4c-00cd-49db-a698-2f9512c12f58,,
2021-07-28 14:45:16+00,ABB-114589-3Q15-3720,16ed6a4c-00cd-49db-a698-2f9512c12f58,,
2021-07-28 15:00:15+00,ABB-114589-3Q15-3720,16ed6a4c-00cd-49db-a698-2f9512c12f58,,
2021-07-28 15:15:15+00,ABB-114589-3Q15-3720,16ed6a4c-00cd-49db-a698-2f9512c12f58,,
2021-07-28 15:30:16+00,ABB-114589-3Q15-3720,16ed6a4c-00cd-49db-a698-2f9512c12f58,,
2021-07-28 15:45:15+00,ABB-114589-3Q15-3720,16ed6a4c-00cd-49db-a698-2f9512c12f58,,
2021-07-28 16:00:15+00,ABB-114589-3Q15-3720,16ed6a4c-00cd-49db-a698-2f9512c12f58,,
2021-07-28 16:15:16+00,ABB-114589-3Q15-3720,16ed6a4c-00cd-49db-a698-2f9512c12f58,,
2021-07-27 17:00:12+00,ABB-114589-3Q15-3720,16ed6a4c-00cd-49db-a698-2f9512c12f58,,
2021-07-27 17:15:10+00,ABB-114589-3Q15-3720,16ed6a4c-00cd-49db-a698-2f9512c12f58,,
2021-07-27 17:30:10+00,ABB-114589-3Q15-3720,16ed6a4c-00cd-49db-a698-2f9512c12f58,,
2021-07-27 17:45:15+00,ABB-114589-3Q15-3720,16ed6a4c-00cd-49db-a698-2f9512c12f58,,
2021-07-27 18:00:15+00,ABB-114589-3Q15-3720,16ed6a4c-00cd-49db-a698-2f9512c12f58,,
2021-07-27 18:15:12+00,ABB-114589-3Q15-3720,16ed6a4c-00cd-49db-a698-2f9512c12f58,,
2021-07-27 18:30:12+00,ABB-114589-3Q15-3720,16ed6a4c-00cd-49db-a698-2f9512c12f58,,
2021-07-27 18:45:10+00,ABB-114589-3Q15-3720,16ed6a4c-00cd-49db-a698-2f9512c12f58,,
2021-07-27 19:00:10+00,ABB-114589-3Q15-3720,16ed6a4c-00cd-49db-a698-2f9512c12f58,,
2021-07-27 19:15:15+00,ABB-114589-3Q15-3720,16ed6a4c-00cd-49db-a698-2f9512c12f58,,
2021-07-27 19:30:15+00,ABB-114589-3Q15-3720,16ed6a4c-00cd-49db-a698-2f9512c12f58,,
2021-07-27 19:45:12+00,ABB-114589-3Q15-3720,16ed6a4c-00cd-49db-a698-2f9512c12f58,,
2021-07-27 20:00:10+00,ABB-114589-3Q15-3720,16ed6a4c-00cd-49db-a698-2f9512c12f58,,
2021-07-27 20:15:10+00,ABB-114589-3Q15-3720,16ed6a4c-00cd-49db-a698-2f9512c12f58,,
2021-07-27 20:30:15+00,ABB-114589-3Q15-3720,16ed6a4c-00cd-49db-a698-2f9512c12f58,,
2021-07-27 20:45:15+00,ABB-114589-3Q15-3720,16ed6a4c-00cd-49db-a698-2f9512c12f58,,
2021-07-27 21:00:12+00,ABB-114589-3Q15-3720,16ed6a4c-00cd-49db-a698-2f9512c12f58,,
2021-07-27 21:15:10+00,ABB-114589-3Q15-3720,16ed6a4c-00cd-49db-a698-2f9512c12f58,,
2021-07-27 21:30:10+00,ABB-114589-3Q15-3720,16ed6a4c-00cd-49db-a698-2f9512c12f58,,
2021-07-27 21:45:15+00,ABB-114589-3Q15-3720,16ed6a4c-00cd-49db-a698-2f9512c12f58,,
2021-07-27 22:00:15+00,ABB-114589-3Q15-3720,16ed6a4c-00cd-49db-a698-2f9512c12f58,,
2021-07-27 22:15:12+00,ABB-114589-3Q15-3720,16ed6a4c-00cd-49db-a698-2f9512c12f58,,
2021-07-27 22:30:12+00,ABB-114589-3Q15-3720,16ed6a4c-00cd-49db-a698-2f9512c12f58,0.0,107818000.0
2021-07-27 22:45:10+00,ABB-114589-3Q15-3720,16ed6a4c-00cd-49db-a698-2f9512c12f58,663.32,107818000.0
2021-07-27 23:00:10+00,ABB-114589-3Q15-3720,16ed6a4c-00cd-49db-a698-2f9512c12f58,2692.39,107819000.0
2021-07-27 23:15:15+00,ABB-114589-3Q15-3720,16ed6a4c-00cd-49db-a698-2f9512c12f58,3661.37,107820000.0
2021-07-27 23:30:15+00,ABB-114589-3Q15-3720,16ed6a4c-00cd-49db-a698-2f9512c12f58,3977.54,107821000.0
2021-07-27 23:45:12+00,ABB-114589-3Q15-3720,16ed6a4c-00cd-49db-a698-2f9512c12f58,6496.22,107822000.0
2021-07-28 00:00:15+00,ABB-114589-3Q15-3720,16ed6a4c-00cd-49db-a698-2f9512c12f58,11075.5,107825000.0
2021-07-28 00:15:10+00,ABB-114589-3Q15-3720,16ed6a4c-00cd-49db-a698-2f9512c12f58,12358.92,107828000.0
2021-07-28 00:30:10+00,ABB-114589-3Q15-3720,16ed6a4c-00cd-49db-a698-2f9512c12f58,14801.1,107832000.0
2021-07-28 00:45:15+00,ABB-114589-3Q15-3720,16ed6a4c-00cd-49db-a698-2f9512c12f58,17790.93,107836000.0
2021-07-28 01:00:15+00,ABB-114589-3Q15-3720,16ed6a4c-00cd-49db-a698-2f9512c12f58,18810.46,107841000.0
2021-07-28 01:15:15+00,ABB-114589-3Q15-3720,16ed6a4c-00cd-49db-a698-2f9512c12f58,20670.22,107846000.0
2021-07-28 01:30:09+00,ABB-114589-3Q15-3720,16ed6a4c-00cd-49db-a698-2f9512c12f58,24088.48,107853000.0
2021-07-28 01:45:10+00,ABB-114589-3Q15-3720,16ed6a4c-00cd-49db-a698-2f9512c12f58,35958.37,107863000.0
2021-07-28 02:00:10+00,ABB-114589-3Q15-3720,16ed6a4c-00cd-49db-a698-2f9512c12f58,65069.16,107881000.0
2021-07-28 02:15:15+00,ABB-114589-3Q15-3720,16ed6a4c-00cd-49db-a698-2f9512c12f58,59984.85,107896000.0
2021-07-28 02:30:15+00,ABB-114589-3Q15-3720,16ed6a4c-00cd-49db-a698-2f9512c12f58,49943.48,107908000.0
2021-07-28 02:45:15+00,ABB-114589-3Q15-3720,16ed6a4c-00cd-49db-a698-2f9512c12f58,51821.0,107921000.0
2021-07-28 03:00:09+00,ABB-114589-3Q15-3720,16ed6a4c-00cd-49db-a698-2f9512c12f58,33021.56,107929000.0
2021-07-28 03:15:10+00,ABB-114589-3Q15-3720,16ed6a4c-00cd-49db-a698-2f9512c12f58,82619.06,107950000.0
2021-07-28 03:30:15+00,ABB-114589-3Q15-3720,16ed6a4c-00cd-49db-a698-2f9512c12f58,24550.06,107956000.0
2021-07-28 03:45:10+00,ABB-114589-3Q15-3720,16ed6a4c-00cd-49db-a698-2f9512c12f58,58481.98,107971000.0
2021-07-28 04:00:15+00,ABB-114589-3Q15-3720,16ed6a4c-00cd-49db-a698-2f9512c12f58,52050.78,107984000.0
2021-07-28 04:15:10+00,ABB-114589-3Q15-3720,16ed6a4c-00cd-49db-a698-2f9512c12f58,77020.06,108003000.0
2021-07-28 04:30:09+00,ABB-114589-3Q15-3720,16ed6a4c-00cd-49db-a698-2f9512c12f58,72661.05,108021000.0
2021-07-28 04:45:10+00,ABB-114589-3Q15-3720,16ed6a4c-00cd-49db-a698-2f9512c12f58,50367.92,108034000.0
2021-07-28 05:00:15+00,ABB-114589-3Q15-3720,16ed6a4c-00cd-49db-a698-2f9512c12f58,76566.63,108053000.0
2021-07-28 05:15:10+00,ABB-114589-3Q15-3720,16ed6a4c-00cd-49db-a698-2f9512c12f58,68727.61,108070000.0
2021-07-28 05:30:15+00,ABB-114589-3Q15-3720,16ed6a4c-00cd-49db-a698-2f9512c12f58,77527.11,108089000.0
2021-07-28 05:45:10+00,ABB-114589-3Q15-3720,16ed6a4c-00cd-49db-a698-2f9512c12f58,19658.47,108094000.0
2021-07-28 06:00:15+00,ABB-114589-3Q15-3720,16ed6a4c-00cd-49db-a698-2f9512c12f58,3108.67,108095000.0
2021-07-28 06:15:09+00,ABB-114589-3Q15-3720,16ed6a4c-00cd-49db-a698-2f9512c12f58,6364.25,108097000.0
2021-07-28 06:30:10+00,ABB-114589-3Q15-3720,16ed6a4c-00cd-49db-a698-2f9512c12f58,10458.18,108099000.0
2021-07-28 06:45:15+00,ABB-114589-3Q15-3720,16ed6a4c-00cd-49db-a698-2f9512c12f58,18780.63,108104000.0
2021-07-28 07:00:10+00,ABB-114589-3Q15-3720,16ed6a4c-00cd-49db-a698-2f9512c12f58,29219.55,108111000.0
2021-07-28 07:15:15+00,ABB-114589-3Q15-3720,16ed6a4c-00cd-49db-a698-2f9512c12f58,15765.06,108115000.0
2021-07-28 07:30:10+00,ABB-114589-3Q15-3720,16ed6a4c-00cd-49db-a698-2f9512c12f58,6380.29,108117000.0
2021-07-28 07:45:15+00,ABB-114589-3Q15-3720,16ed6a4c-00cd-49db-a698-2f9512c12f58,11892.42,108120000.0
2021-07-28 08:00:09+00,ABB-114589-3Q15-3720,16ed6a4c-00cd-49db-a698-2f9512c12f58,7271.07,108122000.0
2021-07-28 08:15:09+00,ABB-114589-3Q15-3720,16ed6a4c-00cd-49db-a698-2f9512c12f58,5934.43,108123000.0
2021-07-28 08:30:10+00,ABB-114589-3Q15-3720,16ed6a4c-00cd-49db-a698-2f9512c12f58,8910.87,108125000.0
2021-07-28 08:45:15+00,ABB-114589-3Q15-3720,16ed6a4c-00cd-49db-a698-2f9512c12f58,4713.97,108126000.0
2021-07-28 09:00:10+00,ABB-114589-3Q15-3720,16ed6a4c-00cd-49db-a698-2f9512c12f58,2062.85,108127000.0
2021-07-28 09:15:15+00,ABB-114589-3Q15-3720,16ed6a4c-00cd-49db-a698-2f9512c12f58,1341.76,108127000.0
2021-07-28 09:30:10+00,ABB-114589-3Q15-3720,16ed6a4c-00cd-49db-a698-2f9512c12f58,1508.03,108128000.0
2021-07-28 09:45:15+00,ABB-114589-3Q15-3720,16ed6a4c-00cd-49db-a698-2f9512c12f58,1263.09,108128000.0
2021-07-28 10:00:09+00,ABB-114589-3Q15-3720,16ed6a4c-00cd-49db-a698-2f9512c12f58,752.57,108128000.0
2021-07-28 10:15:10+00,ABB-114589-3Q15-3720,16ed6a4c-00cd-49db-a698-2f9512c12f58,639.04,108128000.0
2021-07-28 10:30:15+00,ABB-114589-3Q15-3720,16ed6a4c-00cd-49db-a698-2f9512c12f58,601.54,108129000.0
2021-07-28 10:45:10+00,ABB-114589-3Q15-3720,16ed6a4c-00cd-49db-a698-2f9512c12f58,349.31,108129000.0
2021-07-28 11:00:15+00,ABB-114589-3Q15-3720,16ed6a4c-00cd-49db-a698-2f9512c12f58,76.64,108129000.0
2021-07-28 11:15:10+00,ABB-114589-3Q15-3720,16ed6a4c-00cd-49db-a698-2f9512c12f58,0.0,108129000.0
2021-07-28 11:30:15+00,ABB-114589-3Q15-3720,16ed6a4c-00cd-49db-a698-2f9512c12f58,0.0,108129000.0
2021-07-28 11:45:15+00,ABB-114589-3Q15-3720,16ed6a4c-00cd-49db-a698-2f9512c12f58,,
2021-07-28 12:00:15+00,ABB-114589-3Q15-3720,16ed6a4c-00cd-49db-a698-2f9512c12f58,,
2021-07-28 12:15:16+00,ABB-114589-3Q15-3720,16ed6a4c-00cd-49db-a698-2f9512c12f58,,
2021-07-28 12:30:15+00,ABB-114589-3Q15-3720,16ed6a4c-00cd-49db-a698-2f9512c12f58,,
2021-07-28 12:45:15+00,ABB-114589-3Q15-3720,16ed6a4c-00cd-49db-a698-2f9512c12f58,,
2021-07-28 13:00:16+00,ABB-114589-3Q15-3720,16ed6a4c-00cd-49db-a698-2f9512c12f58,,
2021-07-28 13:15:15+00,ABB-114589-3Q15-3720,16ed6a4c-00cd-49db-a698-2f9512c12f58,,
2021-07-28 13:30:15+00,ABB-114589-3Q15-3720,16ed6a4c-00cd-49db-a698-2f9512c12f58,,
2021-07-28 13:45:15+00,ABB-114589-3Q15-3720,16ed6a4c-00cd-49db-a698-2f9512c12f58,,
2021-07-28 14:00:16+00,ABB-114589-3Q15-3720,16ed6a4c-00cd-49db-a698-2f9512c12f58,,
2021-07-28 14:15:15+00,ABB-114589-3Q15-3720,16ed6a4c-00cd-49db-a698-2f9512c12f58,,
2021-07-28 14:30:15+00,ABB-114589-3Q15-3720,16ed6a4c-00cd-49db-a698-2f9512c12f58,,
2021-07-28 14:45:16+00,ABB-114589-3Q15-3720,16ed6a4c-00cd-49db-a698-2f9512c12f58,,
2021-07-28 15:00:15+00,ABB-114589-3Q15-3720,16ed6a4c-00cd-49db-a698-2f9512c12f58,,
2021-07-28 15:15:15+00,ABB-114589-3Q15-3720,16ed6a4c-00cd-49db-a698-2f9512c12f58,,
2021-07-28 15:30:16+00,ABB-114589-3Q15-3720,16ed6a4c-00cd-49db-a698-2f9512c12f58,,
2021-07-28 15:45:15+00,ABB-114589-3Q15-3720,16ed6a4c-00cd-49db-a698-2f9512c12f58,,
2021-07-28 16:00:15+00,ABB-114589-3Q15-3720,16ed6a4c-00cd-49db-a698-2f9512c12f58,,
2021-07-28 16:15:16+00,ABB-114589-3Q15-3720,16ed6a4c-00cd-49db-a698-2f9512c12f58,,
