time,asset,scope,modbus_unit_id,readtime,active_power,active_energy
2021-07-28 16:15:16+00,ABB-111890-3Q15-3720,3a32579c-40a4-4f8c-addc-2e8179ac4393,,,,
2021-07-28 16:00:15+00,ABB-111890-3Q15-3720,3a32579c-40a4-4f8c-addc-2e8179ac4393,,,,
2021-07-28 15:45:15+00,ABB-111890-3Q15-3720,3a32579c-40a4-4f8c-addc-2e8179ac4393,,,,
2021-07-28 15:30:16+00,ABB-111890-3Q15-3720,3a32579c-40a4-4f8c-addc-2e8179ac4393,,,,
2021-07-28 15:15:15+00,ABB-111890-3Q15-3720,3a32579c-40a4-4f8c-addc-2e8179ac4393,,,,
2021-07-28 15:00:15+00,ABB-111890-3Q15-3720,3a32579c-40a4-4f8c-addc-2e8179ac4393,,,,
2021-07-28 14:45:16+00,ABB-111890-3Q15-3720,3a32579c-40a4-4f8c-addc-2e8179ac4393,,,,
2021-07-28 14:30:15+00,ABB-111890-3Q15-3720,3a32579c-40a4-4f8c-addc-2e8179ac4393,,,,
2021-07-28 14:15:15+00,ABB-111890-3Q15-3720,3a32579c-40a4-4f8c-addc-2e8179ac4393,,,,
2021-07-28 14:00:16+00,ABB-111890-3Q15-3720,3a32579c-40a4-4f8c-addc-2e8179ac4393,,,,
2021-07-28 13:45:15+00,ABB-111890-3Q15-3720,3a32579c-40a4-4f8c-addc-2e8179ac4393,,,,
2021-07-28 13:30:15+00,ABB-111890-3Q15-3720,3a32579c-40a4-4f8c-addc-2e8179ac4393,,,,
2021-07-28 13:15:15+00,ABB-111890-3Q15-3720,3a32579c-40a4-4f8c-addc-2e8179ac4393,,,,
2021-07-28 13:00:16+00,ABB-111890-3Q15-3720,3a32579c-40a4-4f8c-addc-2e8179ac4393,,,,
2021-07-28 12:45:15+00,ABB-111890-3Q15-3720,3a32579c-40a4-4f8c-addc-2e8179ac4393,,,,
2021-07-28 12:30:15+00,ABB-111890-3Q15-3720,3a32579c-40a4-4f8c-addc-2e8179ac4393,,,,
2021-07-28 12:15:16+00,ABB-111890-3Q15-3720,3a32579c-40a4-4f8c-addc-2e8179ac4393,,,,
2021-07-28 12:00:15+00,ABB-111890-3Q15-3720,3a32579c-40a4-4f8c-addc-2e8179ac4393,,,,
2021-07-28 11:45:15+00,ABB-111890-3Q15-3720,3a32579c-40a4-4f8c-addc-2e8179ac4393,,,,
2021-07-28 11:30:15+00,ABB-111890-3Q15-3720,3a32579c-40a4-4f8c-addc-2e8179ac4393,,,,
2021-07-28 11:15:10+00,ABB-111890-3Q15-3720,3a32579c-40a4-4f8c-addc-2e8179ac4393,,,0,90419000
2021-07-28 11:00:15+00,ABB-111890-3Q15-3720,3a32579c-40a4-4f8c-addc-2e8179ac4393,,,69.84,90419000
2021-07-28 10:45:10+00,ABB-111890-3Q15-3720,3a32579c-40a4-4f8c-addc-2e8179ac4393,,,178.38,90419000
2021-07-28 10:30:15+00,ABB-111890-3Q15-3720,3a32579c-40a4-4f8c-addc-2e8179ac4393,,,1292.44,90418000
2021-07-28 10:15:10+00,ABB-111890-3Q15-3720,3a32579c-40a4-4f8c-addc-2e8179ac4393,,,5118.21,90418000
2021-07-28 10:00:09+00,ABB-111890-3Q15-3720,3a32579c-40a4-4f8c-addc-2e8179ac4393,,,10477.42,90417000
2021-07-28 09:45:15+00,ABB-111890-3Q15-3720,3a32579c-40a4-4f8c-addc-2e8179ac4393,,,14700.5,90414000
2021-07-28 09:30:10+00,ABB-111890-3Q15-3720,3a32579c-40a4-4f8c-addc-2e8179ac4393,,,10176.18,90410000
2021-07-28 09:15:15+00,ABB-111890-3Q15-3720,3a32579c-40a4-4f8c-addc-2e8179ac4393,,,14190.95,90407000
2021-07-28 09:00:10+00,ABB-111890-3Q15-3720,3a32579c-40a4-4f8c-addc-2e8179ac4393,,,5664.03,90403000
2021-07-28 08:45:15+00,ABB-111890-3Q15-3720,3a32579c-40a4-4f8c-addc-2e8179ac4393,,,5044.77,90402000
2021-07-28 08:30:10+00,ABB-111890-3Q15-3720,3a32579c-40a4-4f8c-addc-2e8179ac4393,,,14512.16,90401000
2021-07-28 08:15:09+00,ABB-111890-3Q15-3720,3a32579c-40a4-4f8c-addc-2e8179ac4393,,,19288.65,90398000
2021-07-28 08:00:09+00,ABB-111890-3Q15-3720,3a32579c-40a4-4f8c-addc-2e8179ac4393,,,29072.94,90393000
2021-07-28 07:45:15+00,ABB-111890-3Q15-3720,3a32579c-40a4-4f8c-addc-2e8179ac4393,,,32065.44,90386000
2021-07-28 07:30:10+00,ABB-111890-3Q15-3720,3a32579c-40a4-4f8c-addc-2e8179ac4393,,,32611.84,90378000
2021-07-28 07:15:15+00,ABB-111890-3Q15-3720,3a32579c-40a4-4f8c-addc-2e8179ac4393,,,37023.75,90370000
2021-07-28 07:00:10+00,ABB-111890-3Q15-3720,3a32579c-40a4-4f8c-addc-2e8179ac4393,,,42054.5,90361000
2021-07-28 06:45:15+00,ABB-111890-3Q15-3720,3a32579c-40a4-4f8c-addc-2e8179ac4393,,,26687.87,90350000
2021-07-28 06:30:10+00,ABB-111890-3Q15-3720,3a32579c-40a4-4f8c-addc-2e8179ac4393,,,24268.37,90344000
2021-07-28 06:15:09+00,ABB-111890-3Q15-3720,3a32579c-40a4-4f8c-addc-2e8179ac4393,,,17913.09,90338000
2021-07-28 06:00:15+00,ABB-111890-3Q15-3720,3a32579c-40a4-4f8c-addc-2e8179ac4393,,,13348.4,90334000
2021-07-28 05:45:10+00,ABB-111890-3Q15-3720,3a32579c-40a4-4f8c-addc-2e8179ac4393,,,32264.39,90331000
2021-07-28 05:30:15+00,ABB-111890-3Q15-3720,3a32579c-40a4-4f8c-addc-2e8179ac4393,,,14910.65,90323000
2021-07-28 05:15:10+00,ABB-111890-3Q15-3720,3a32579c-40a4-4f8c-addc-2e8179ac4393,,,59263.71,90319000
2021-07-28 05:00:15+00,ABB-111890-3Q15-3720,3a32579c-40a4-4f8c-addc-2e8179ac4393,,,42714.24,90304000
2021-07-28 04:45:10+00,ABB-111890-3Q15-3720,3a32579c-40a4-4f8c-addc-2e8179ac4393,,,74206.11,90293000
2021-07-28 04:30:09+00,ABB-111890-3Q15-3720,3a32579c-40a4-4f8c-addc-2e8179ac4393,,,64498.89,90274000
2021-07-28 04:15:10+00,ABB-111890-3Q15-3720,3a32579c-40a4-4f8c-addc-2e8179ac4393,,,35654.07,90258000
2021-07-28 04:00:15+00,ABB-111890-3Q15-3720,3a32579c-40a4-4f8c-addc-2e8179ac4393,,,21506.35,90249000
2021-07-28 03:45:10+00,ABB-111890-3Q15-3720,3a32579c-40a4-4f8c-addc-2e8179ac4393,,,56116.19,90243000
2021-07-28 03:30:15+00,ABB-111890-3Q15-3720,3a32579c-40a4-4f8c-addc-2e8179ac4393,,,60946.79,90229000
2021-07-28 03:15:10+00,ABB-111890-3Q15-3720,3a32579c-40a4-4f8c-addc-2e8179ac4393,,,38108.74,90214000
2021-07-28 03:00:09+00,ABB-111890-3Q15-3720,3a32579c-40a4-4f8c-addc-2e8179ac4393,,,36415.18,90204000
2021-07-28 02:45:15+00,ABB-111890-3Q15-3720,3a32579c-40a4-4f8c-addc-2e8179ac4393,,,45677.98,90195000
2021-07-28 02:30:15+00,ABB-111890-3Q15-3720,3a32579c-40a4-4f8c-addc-2e8179ac4393,,,44312.54,90183000
2021-07-28 02:15:15+00,ABB-111890-3Q15-3720,3a32579c-40a4-4f8c-addc-2e8179ac4393,,,47346.96,90172000
2021-07-28 02:00:10+00,ABB-111890-3Q15-3720,3a32579c-40a4-4f8c-addc-2e8179ac4393,,,48812.83,90160000
2021-07-28 01:45:10+00,ABB-111890-3Q15-3720,3a32579c-40a4-4f8c-addc-2e8179ac4393,,,38332.21,90148000
2021-07-28 01:30:09+00,ABB-111890-3Q15-3720,3a32579c-40a4-4f8c-addc-2e8179ac4393,,,35713.65,90138000
2021-07-28 01:15:15+00,ABB-111890-3Q15-3720,3a32579c-40a4-4f8c-addc-2e8179ac4393,,,46046.88,90129000
2021-07-28 01:00:15+00,ABB-111890-3Q15-3720,3a32579c-40a4-4f8c-addc-2e8179ac4393,,,34970.34,90117000
2021-07-28 00:45:15+00,ABB-111890-3Q15-3720,3a32579c-40a4-4f8c-addc-2e8179ac4393,,,32442.61,90108000
2021-07-28 00:30:10+00,ABB-111890-3Q15-3720,3a32579c-40a4-4f8c-addc-2e8179ac4393,,,26092.89,90100000
2021-07-28 00:15:10+00,ABB-111890-3Q15-3720,3a32579c-40a4-4f8c-addc-2e8179ac4393,,,18018.34,90093000
2021-07-28 00:00:15+00,ABB-111890-3Q15-3720,3a32579c-40a4-4f8c-addc-2e8179ac4393,,,14051.64,90088000
2021-07-27 23:45:12+00,ABB-111890-3Q15-3720,3a32579c-40a4-4f8c-addc-2e8179ac4393,,,9766.94,90084000
2021-07-27 23:30:15+00,ABB-111890-3Q15-3720,3a32579c-40a4-4f8c-addc-2e8179ac4393,,,8031.58,90081000
2021-07-27 23:15:15+00,ABB-111890-3Q15-3720,3a32579c-40a4-4f8c-addc-2e8179ac4393,,,4419.9,90079000
2021-07-27 23:00:10+00,ABB-111890-3Q15-3720,3a32579c-40a4-4f8c-addc-2e8179ac4393,,,1778.71,90078000
2021-07-27 22:45:10+00,ABB-111890-3Q15-3720,3a32579c-40a4-4f8c-addc-2e8179ac4393,,,235.73,90078000
2021-07-27 22:30:12+00,ABB-111890-3Q15-3720,3a32579c-40a4-4f8c-addc-2e8179ac4393,,,,90078000
2021-07-27 22:15:12+00,ABB-111890-3Q15-3720,3a32579c-40a4-4f8c-addc-2e8179ac4393,,,,
2021-07-27 22:00:15+00,ABB-111890-3Q15-3720,3a32579c-40a4-4f8c-addc-2e8179ac4393,,,,
2021-07-27 21:45:15+00,ABB-111890-3Q15-3720,3a32579c-40a4-4f8c-addc-2e8179ac4393,,,,
2021-07-27 21:30:10+00,ABB-111890-3Q15-3720,3a32579c-40a4-4f8c-addc-2e8179ac4393,,,,
2021-07-27 21:15:10+00,ABB-111890-3Q15-3720,3a32579c-40a4-4f8c-addc-2e8179ac4393,,,,
2021-07-27 21:00:12+00,ABB-111890-3Q15-3720,3a32579c-40a4-4f8c-addc-2e8179ac4393,,,,
2021-07-27 20:45:15+00,ABB-111890-3Q15-3720,3a32579c-40a4-4f8c-addc-2e8179ac4393,,,,
2021-07-27 20:30:15+00,ABB-111890-3Q15-3720,3a32579c-40a4-4f8c-addc-2e8179ac4393,,,,
2021-07-27 20:15:10+00,ABB-111890-3Q15-3720,3a32579c-40a4-4f8c-addc-2e8179ac4393,,,,
2021-07-27 20:00:10+00,ABB-111890-3Q15-3720,3a32579c-40a4-4f8c-addc-2e8179ac4393,,,,
2021-07-27 19:45:12+00,ABB-111890-3Q15-3720,3a32579c-40a4-4f8c-addc-2e8179ac4393,,,,
2021-07-27 19:30:15+00,ABB-111890-3Q15-3720,3a32579c-40a4-4f8c-addc-2e8179ac4393,,,,
2021-07-27 19:15:15+00,ABB-111890-3Q15-3720,3a32579c-40a4-4f8c-addc-2e8179ac4393,,,,
2021-07-27 19:00:10+00,ABB-111890-3Q15-3720,3a32579c-40a4-4f8c-addc-2e8179ac4393,,,,
2021-07-27 18:45:10+00,ABB-111890-3Q15-3720,3a32579c-40a4-4f8c-addc-2e8179ac4393,,,,
2021-07-27 18:30:12+00,ABB-111890-3Q15-3720,3a32579c-40a4-4f8c-addc-2e8179ac4393,,,,
2021-07-27 18:15:12+00,ABB-111890-3Q15-3720,3a32579c-40a4-4f8c-addc-2e8179ac4393,,,,
2021-07-27 18:00:15+00,ABB-111890-3Q15-3720,3a32579c-40a4-4f8c-addc-2e8179ac4393,,,,
2021-07-27 17:45:15+00,ABB-111890-3Q15-3720,3a32579c-40a4-4f8c-addc-2e8179ac4393,,,,
2021-07-27 17:30:10+00,ABB-111890-3Q15-3720,3a32579c-40a4-4f8c-addc-2e8179ac4393,,,,
2021-07-27 17:15:10+00,ABB-111890-3Q15-3720,3a32579c-40a4-4f8c-addc-2e8179ac4393,,,,
2021-07-27 17:00:12+00,ABB-111890-3Q15-3720,3a32579c-40a4-4f8c-addc-2e8179ac4393,,,,
2021-07-28 16:15:16+00,ABB-111887-3Q15-3720,3a32579c-40a4-4f8c-addc-2e8179ac4393,,,,
2021-07-28 16:00:15+00,ABB-111887-3Q15-3720,3a32579c-40a4-4f8c-addc-2e8179ac4393,,,,
2021-07-28 15:45:15+00,ABB-111887-3Q15-3720,3a32579c-40a4-4f8c-addc-2e8179ac4393,,,,
2021-07-28 15:30:16+00,ABB-111887-3Q15-3720,3a32579c-40a4-4f8c-addc-2e8179ac4393,,,,
2021-07-28 15:15:15+00,ABB-111887-3Q15-3720,3a32579c-40a4-4f8c-addc-2e8179ac4393,,,,
2021-07-28 15:00:15+00,ABB-111887-3Q15-3720,3a32579c-40a4-4f8c-addc-2e8179ac4393,,,,
2021-07-28 14:45:16+00,ABB-111887-3Q15-3720,3a32579c-40a4-4f8c-addc-2e8179ac4393,,,,
2021-07-28 14:30:15+00,ABB-111887-3Q15-3720,3a32579c-40a4-4f8c-addc-2e8179ac4393,,,,
2021-07-28 14:15:15+00,ABB-111887-3Q15-3720,3a32579c-40a4-4f8c-addc-2e8179ac4393,,,,
2021-07-28 14:00:16+00,ABB-111887-3Q15-3720,3a32579c-40a4-4f8c-addc-2e8179ac4393,,,,
2021-07-28 13:45:15+00,ABB-111887-3Q15-3720,3a32579c-40a4-4f8c-addc-2e8179ac4393,,,,
2021-07-28 13:30:15+00,ABB-111887-3Q15-3720,3a32579c-40a4-4f8c-addc-2e8179ac4393,,,,
2021-07-28 13:15:15+00,ABB-111887-3Q15-3720,3a32579c-40a4-4f8c-addc-2e8179ac4393,,,,
2021-07-28 13:00:16+00,ABB-111887-3Q15-3720,3a32579c-40a4-4f8c-addc-2e8179ac4393,,,,
2021-07-28 12:45:15+00,ABB-111887-3Q15-3720,3a32579c-40a4-4f8c-addc-2e8179ac4393,,,,
2021-07-28 12:30:15+00,ABB-111887-3Q15-3720,3a32579c-40a4-4f8c-addc-2e8179ac4393,,,,
2021-07-28 12:15:16+00,ABB-111887-3Q15-3720,3a32579c-40a4-4f8c-addc-2e8179ac4393,,,,
2021-07-28 12:00:15+00,ABB-111887-3Q15-3720,3a32579c-40a4-4f8c-addc-2e8179ac4393,,,,
2021-07-28 11:45:15+00,ABB-111887-3Q15-3720,3a32579c-40a4-4f8c-addc-2e8179ac4393,,,,
2021-07-28 11:30:15+00,ABB-111887-3Q15-3720,3a32579c-40a4-4f8c-addc-2e8179ac4393,,,,
2021-07-28 11:15:10+00,ABB-111887-3Q15-3720,3a32579c-40a4-4f8c-addc-2e8179ac4393,,,0,86080000
2021-07-28 11:00:15+00,ABB-111887-3Q15-3720,3a32579c-40a4-4f8c-addc-2e8179ac4393,,,41.66,86080000
2021-07-28 10:45:10+00,ABB-111887-3Q15-3720,3a32579c-40a4-4f8c-addc-2e8179ac4393,,,183.32,86080000
2021-07-28 10:30:15+00,ABB-111887-3Q15-3720,3a32579c-40a4-4f8c-addc-2e8179ac4393,,,1142.35,86080000
2021-07-28 10:15:10+00,ABB-111887-3Q15-3720,3a32579c-40a4-4f8c-addc-2e8179ac4393,,,4551.52,86079000
2021-07-28 10:00:09+00,ABB-111887-3Q15-3720,3a32579c-40a4-4f8c-addc-2e8179ac4393,,,9211.7,86078000
2021-07-28 09:45:15+00,ABB-111887-3Q15-3720,3a32579c-40a4-4f8c-addc-2e8179ac4393,,,13051.04,86076000
2021-07-28 09:30:10+00,ABB-111887-3Q15-3720,3a32579c-40a4-4f8c-addc-2e8179ac4393,,,9265.83,86073000
2021-07-28 09:15:15+00,ABB-111887-3Q15-3720,3a32579c-40a4-4f8c-addc-2e8179ac4393,,,12967.26,86071000
2021-07-28 09:00:10+00,ABB-111887-3Q15-3720,3a32579c-40a4-4f8c-addc-2e8179ac4393,,,5924.56,86067000
2021-07-28 08:45:15+00,ABB-111887-3Q15-3720,3a32579c-40a4-4f8c-addc-2e8179ac4393,,,5357.02,86066000
2021-07-28 08:30:10+00,ABB-111887-3Q15-3720,3a32579c-40a4-4f8c-addc-2e8179ac4393,,,13341.03,86065000
2021-07-28 08:15:09+00,ABB-111887-3Q15-3720,3a32579c-40a4-4f8c-addc-2e8179ac4393,,,18012.88,86062000
2021-07-28 08:00:09+00,ABB-111887-3Q15-3720,3a32579c-40a4-4f8c-addc-2e8179ac4393,,,29165.61,86057000
2021-07-28 07:45:15+00,ABB-111887-3Q15-3720,3a32579c-40a4-4f8c-addc-2e8179ac4393,,,32953.96,86050000
2021-07-28 07:30:10+00,ABB-111887-3Q15-3720,3a32579c-40a4-4f8c-addc-2e8179ac4393,,,33329.76,86042000
2021-07-28 07:15:15+00,ABB-111887-3Q15-3720,3a32579c-40a4-4f8c-addc-2e8179ac4393,,,37498.29,86034000
2021-07-28 07:00:10+00,ABB-111887-3Q15-3720,3a32579c-40a4-4f8c-addc-2e8179ac4393,,,41566.13,86025000
2021-07-28 06:45:15+00,ABB-111887-3Q15-3720,3a32579c-40a4-4f8c-addc-2e8179ac4393,,,28936.89,86015000
2021-07-28 06:30:10+00,ABB-111887-3Q15-3720,3a32579c-40a4-4f8c-addc-2e8179ac4393,,,24782.27,86008000
2021-07-28 06:15:09+00,ABB-111887-3Q15-3720,3a32579c-40a4-4f8c-addc-2e8179ac4393,,,15277.76,86002000
2021-07-28 06:00:15+00,ABB-111887-3Q15-3720,3a32579c-40a4-4f8c-addc-2e8179ac4393,,,13398.11,85998000
2021-07-28 05:45:10+00,ABB-111887-3Q15-3720,3a32579c-40a4-4f8c-addc-2e8179ac4393,,,31445.31,85994000
2021-07-28 05:30:15+00,ABB-111887-3Q15-3720,3a32579c-40a4-4f8c-addc-2e8179ac4393,,,15343.62,85986000
2021-07-28 05:15:10+00,ABB-111887-3Q15-3720,3a32579c-40a4-4f8c-addc-2e8179ac4393,,,55093.94,85982000
2021-07-28 05:00:15+00,ABB-111887-3Q15-3720,3a32579c-40a4-4f8c-addc-2e8179ac4393,,,39296.84,85968000
2021-07-28 04:45:10+00,ABB-111887-3Q15-3720,3a32579c-40a4-4f8c-addc-2e8179ac4393,,,63298.89,85958000
2021-07-28 04:30:09+00,ABB-111887-3Q15-3720,3a32579c-40a4-4f8c-addc-2e8179ac4393,,,58316.31,85942000
2021-07-28 04:15:10+00,ABB-111887-3Q15-3720,3a32579c-40a4-4f8c-addc-2e8179ac4393,,,34138.89,85927000
2021-07-28 04:00:15+00,ABB-111887-3Q15-3720,3a32579c-40a4-4f8c-addc-2e8179ac4393,,,20771.46,85918000
2021-07-28 03:45:10+00,ABB-111887-3Q15-3720,3a32579c-40a4-4f8c-addc-2e8179ac4393,,,53924.52,85913000
2021-07-28 03:30:15+00,ABB-111887-3Q15-3720,3a32579c-40a4-4f8c-addc-2e8179ac4393,,,62338.82,85899000
2021-07-28 03:15:10+00,ABB-111887-3Q15-3720,3a32579c-40a4-4f8c-addc-2e8179ac4393,,,35432.04,85883000
2021-07-28 03:00:09+00,ABB-111887-3Q15-3720,3a32579c-40a4-4f8c-addc-2e8179ac4393,,,34129.79,85874000
2021-07-28 02:45:15+00,ABB-111887-3Q15-3720,3a32579c-40a4-4f8c-addc-2e8179ac4393,,,43119.51,85865000
2021-07-28 02:30:15+00,ABB-111887-3Q15-3720,3a32579c-40a4-4f8c-addc-2e8179ac4393,,,41910.27,85854000
2021-07-28 02:15:15+00,ABB-111887-3Q15-3720,3a32579c-40a4-4f8c-addc-2e8179ac4393,,,43802.41,85843000
2021-07-28 02:00:10+00,ABB-111887-3Q15-3720,3a32579c-40a4-4f8c-addc-2e8179ac4393,,,44092.76,85832000
2021-07-28 01:45:10+00,ABB-111887-3Q15-3720,3a32579c-40a4-4f8c-addc-2e8179ac4393,,,33625.28,85821000
2021-07-28 01:30:09+00,ABB-111887-3Q15-3720,3a32579c-40a4-4f8c-addc-2e8179ac4393,,,29731.18,85812000
2021-07-28 01:15:15+00,ABB-111887-3Q15-3720,3a32579c-40a4-4f8c-addc-2e8179ac4393,,,35092.39,85804000
2021-07-28 01:00:15+00,ABB-111887-3Q15-3720,3a32579c-40a4-4f8c-addc-2e8179ac4393,,,28916.93,85795000
2021-07-28 00:45:15+00,ABB-111887-3Q15-3720,3a32579c-40a4-4f8c-addc-2e8179ac4393,,,26725.54,85788000
2021-07-28 00:30:10+00,ABB-111887-3Q15-3720,3a32579c-40a4-4f8c-addc-2e8179ac4393,,,21108.31,85781000
2021-07-28 00:15:10+00,ABB-111887-3Q15-3720,3a32579c-40a4-4f8c-addc-2e8179ac4393,,,16110.09,85776000
2021-07-28 00:00:15+00,ABB-111887-3Q15-3720,3a32579c-40a4-4f8c-addc-2e8179ac4393,,,12698.39,85772000
2021-07-27 23:45:12+00,ABB-111887-3Q15-3720,3a32579c-40a4-4f8c-addc-2e8179ac4393,,,8805.14,85769000
2021-07-27 23:30:15+00,ABB-111887-3Q15-3720,3a32579c-40a4-4f8c-addc-2e8179ac4393,,,6565.32,85767000
2021-07-27 23:15:15+00,ABB-111887-3Q15-3720,3a32579c-40a4-4f8c-addc-2e8179ac4393,,,3985.95,85765000
2021-07-27 23:00:10+00,ABB-111887-3Q15-3720,3a32579c-40a4-4f8c-addc-2e8179ac4393,,,1601.9,85764000
2021-07-27 22:45:10+00,ABB-111887-3Q15-3720,3a32579c-40a4-4f8c-addc-2e8179ac4393,,,179.8,85763000
2021-07-27 22:30:12+00,ABB-111887-3Q15-3720,3a32579c-40a4-4f8c-addc-2e8179ac4393,,,0,85763000
2021-07-27 22:15:12+00,ABB-111887-3Q15-3720,3a32579c-40a4-4f8c-addc-2e8179ac4393,,,,
2021-07-27 22:00:15+00,ABB-111887-3Q15-3720,3a32579c-40a4-4f8c-addc-2e8179ac4393,,,,
2021-07-27 21:45:15+00,ABB-111887-3Q15-3720,3a32579c-40a4-4f8c-addc-2e8179ac4393,,,,
2021-07-27 21:30:10+00,ABB-111887-3Q15-3720,3a32579c-40a4-4f8c-addc-2e8179ac4393,,,,
2021-07-27 21:15:10+00,ABB-111887-3Q15-3720,3a32579c-40a4-4f8c-addc-2e8179ac4393,,,,
2021-07-27 21:00:12+00,ABB-111887-3Q15-3720,3a32579c-40a4-4f8c-addc-2e8179ac4393,,,,
2021-07-27 20:45:15+00,ABB-111887-3Q15-3720,3a32579c-40a4-4f8c-addc-2e8179ac4393,,,,
2021-07-27 20:30:15+00,ABB-111887-3Q15-3720,3a32579c-40a4-4f8c-addc-2e8179ac4393,,,,
2021-07-27 20:15:10+00,ABB-111887-3Q15-3720,3a32579c-40a4-4f8c-addc-2e8179ac4393,,,,
2021-07-27 20:00:10+00,ABB-111887-3Q15-3720,3a32579c-40a4-4f8c-addc-2e8179ac4393,,,,
2021-07-27 19:45:12+00,ABB-111887-3Q15-3720,3a32579c-40a4-4f8c-addc-2e8179ac4393,,,,
2021-07-27 19:30:15+00,ABB-111887-3Q15-3720,3a32579c-40a4-4f8c-addc-2e8179ac4393,,,,
2021-07-27 19:15:15+00,ABB-111887-3Q15-3720,3a32579c-40a4-4f8c-addc-2e8179ac4393,,,,
2021-07-27 19:00:10+00,ABB-111887-3Q15-3720,3a32579c-40a4-4f8c-addc-2e8179ac4393,,,,
2021-07-27 18:45:10+00,ABB-111887-3Q15-3720,3a32579c-40a4-4f8c-addc-2e8179ac4393,,,,
2021-07-27 18:30:12+00,ABB-111887-3Q15-3720,3a32579c-40a4-4f8c-addc-2e8179ac4393,,,,
2021-07-27 18:15:12+00,ABB-111887-3Q15-3720,3a32579c-40a4-4f8c-addc-2e8179ac4393,,,,
2021-07-27 18:00:15+00,ABB-111887-3Q15-3720,3a32579c-40a4-4f8c-addc-2e8179ac4393,,,,
2021-07-27 17:45:15+00,ABB-111887-3Q15-3720,3a32579c-40a4-4f8c-addc-2e8179ac4393,,,,
2021-07-27 17:30:10+00,ABB-111887-3Q15-3720,3a32579c-40a4-4f8c-addc-2e8179ac4393,,,,
2021-07-27 17:15:10+00,ABB-111887-3Q15-3720,3a32579c-40a4-4f8c-addc-2e8179ac4393,,,,
2021-07-27 17:00:12+00,ABB-111887-3Q15-3720,3a32579c-40a4-4f8c-addc-2e8179ac4393,,,,
2021-07-28 16:15:16+00,ABB-111863-3Q15-3720,3a32579c-40a4-4f8c-addc-2e8179ac4393,,,,
2021-07-28 16:00:15+00,ABB-111863-3Q15-3720,3a32579c-40a4-4f8c-addc-2e8179ac4393,,,,
2021-07-28 15:45:15+00,ABB-111863-3Q15-3720,3a32579c-40a4-4f8c-addc-2e8179ac4393,,,,
2021-07-28 15:30:16+00,ABB-111863-3Q15-3720,3a32579c-40a4-4f8c-addc-2e8179ac4393,,,,
2021-07-28 15:15:15+00,ABB-111863-3Q15-3720,3a32579c-40a4-4f8c-addc-2e8179ac4393,,,,
2021-07-28 15:00:15+00,ABB-111863-3Q15-3720,3a32579c-40a4-4f8c-addc-2e8179ac4393,,,,
2021-07-28 14:45:16+00,ABB-111863-3Q15-3720,3a32579c-40a4-4f8c-addc-2e8179ac4393,,,,
2021-07-28 14:30:15+00,ABB-111863-3Q15-3720,3a32579c-40a4-4f8c-addc-2e8179ac4393,,,,
2021-07-28 14:15:15+00,ABB-111863-3Q15-3720,3a32579c-40a4-4f8c-addc-2e8179ac4393,,,,
2021-07-28 14:00:16+00,ABB-111863-3Q15-3720,3a32579c-40a4-4f8c-addc-2e8179ac4393,,,,
2021-07-28 13:45:15+00,ABB-111863-3Q15-3720,3a32579c-40a4-4f8c-addc-2e8179ac4393,,,,
2021-07-28 13:30:15+00,ABB-111863-3Q15-3720,3a32579c-40a4-4f8c-addc-2e8179ac4393,,,,
2021-07-28 13:15:15+00,ABB-111863-3Q15-3720,3a32579c-40a4-4f8c-addc-2e8179ac4393,,,,
2021-07-28 13:00:16+00,ABB-111863-3Q15-3720,3a32579c-40a4-4f8c-addc-2e8179ac4393,,,,
2021-07-28 12:45:15+00,ABB-111863-3Q15-3720,3a32579c-40a4-4f8c-addc-2e8179ac4393,,,,
2021-07-28 12:30:15+00,ABB-111863-3Q15-3720,3a32579c-40a4-4f8c-addc-2e8179ac4393,,,,
2021-07-28 12:15:16+00,ABB-111863-3Q15-3720,3a32579c-40a4-4f8c-addc-2e8179ac4393,,,,
2021-07-28 12:00:15+00,ABB-111863-3Q15-3720,3a32579c-40a4-4f8c-addc-2e8179ac4393,,,,
2021-07-28 11:45:15+00,ABB-111863-3Q15-3720,3a32579c-40a4-4f8c-addc-2e8179ac4393,,,,
2021-07-28 11:30:15+00,ABB-111863-3Q15-3720,3a32579c-40a4-4f8c-addc-2e8179ac4393,,,,
2021-07-28 11:15:10+00,ABB-111863-3Q15-3720,3a32579c-40a4-4f8c-addc-2e8179ac4393,,,0,95701000
2021-07-28 11:00:15+00,ABB-111863-3Q15-3720,3a32579c-40a4-4f8c-addc-2e8179ac4393,,,0.58,95701000
2021-07-28 10:45:10+00,ABB-111863-3Q15-3720,3a32579c-40a4-4f8c-addc-2e8179ac4393,,,179.62,95701000
2021-07-28 10:30:15+00,ABB-111863-3Q15-3720,3a32579c-40a4-4f8c-addc-2e8179ac4393,,,1206.7,95701000
2021-07-28 10:15:10+00,ABB-111863-3Q15-3720,3a32579c-40a4-4f8c-addc-2e8179ac4393,,,3939.49,95700000
2021-07-28 10:00:09+00,ABB-111863-3Q15-3720,3a32579c-40a4-4f8c-addc-2e8179ac4393,,,7045.8,95699000
2021-07-28 09:45:15+00,ABB-111863-3Q15-3720,3a32579c-40a4-4f8c-addc-2e8179ac4393,,,10146.66,95697000
2021-07-28 09:30:10+00,ABB-111863-3Q15-3720,3a32579c-40a4-4f8c-addc-2e8179ac4393,,,7723.89,95694000
2021-07-28 09:15:15+00,ABB-111863-3Q15-3720,3a32579c-40a4-4f8c-addc-2e8179ac4393,,,12312.67,95692000
2021-07-28 09:00:10+00,ABB-111863-3Q15-3720,3a32579c-40a4-4f8c-addc-2e8179ac4393,,,5653.85,95689000
2021-07-28 08:45:15+00,ABB-111863-3Q15-3720,3a32579c-40a4-4f8c-addc-2e8179ac4393,,,4535.19,95688000
2021-07-28 08:30:10+00,ABB-111863-3Q15-3720,3a32579c-40a4-4f8c-addc-2e8179ac4393,,,12276.6,95687000
2021-07-28 08:15:09+00,ABB-111863-3Q15-3720,3a32579c-40a4-4f8c-addc-2e8179ac4393,,,15466.94,95684000
2021-07-28 08:00:09+00,ABB-111863-3Q15-3720,3a32579c-40a4-4f8c-addc-2e8179ac4393,,,24607.24,95680000
2021-07-28 07:45:15+00,ABB-111863-3Q15-3720,3a32579c-40a4-4f8c-addc-2e8179ac4393,,,29498.14,95674000
2021-07-28 07:30:10+00,ABB-111863-3Q15-3720,3a32579c-40a4-4f8c-addc-2e8179ac4393,,,30109.05,95667000
2021-07-28 07:15:15+00,ABB-111863-3Q15-3720,3a32579c-40a4-4f8c-addc-2e8179ac4393,,,32255.96,95659000
2021-07-28 07:00:10+00,ABB-111863-3Q15-3720,3a32579c-40a4-4f8c-addc-2e8179ac4393,,,36243.03,95651000
2021-07-28 06:45:15+00,ABB-111863-3Q15-3720,3a32579c-40a4-4f8c-addc-2e8179ac4393,,,26525.62,95642000
2021-07-28 06:30:10+00,ABB-111863-3Q15-3720,3a32579c-40a4-4f8c-addc-2e8179ac4393,,,20943.93,95635000
2021-07-28 06:15:09+00,ABB-111863-3Q15-3720,3a32579c-40a4-4f8c-addc-2e8179ac4393,,,12736.27,95629000
2021-07-28 06:00:15+00,ABB-111863-3Q15-3720,3a32579c-40a4-4f8c-addc-2e8179ac4393,,,11823.97,95626000
2021-07-28 05:45:10+00,ABB-111863-3Q15-3720,3a32579c-40a4-4f8c-addc-2e8179ac4393,,,27188.84,95623000
2021-07-28 05:30:15+00,ABB-111863-3Q15-3720,3a32579c-40a4-4f8c-addc-2e8179ac4393,,,11331.19,95616000
2021-07-28 05:15:10+00,ABB-111863-3Q15-3720,3a32579c-40a4-4f8c-addc-2e8179ac4393,,,54287.93,95613000
2021-07-28 05:00:15+00,ABB-111863-3Q15-3720,3a32579c-40a4-4f8c-addc-2e8179ac4393,,,40564.22,95599000
2021-07-28 04:45:10+00,ABB-111863-3Q15-3720,3a32579c-40a4-4f8c-addc-2e8179ac4393,,,60926.89,95589000
2021-07-28 04:30:09+00,ABB-111863-3Q15-3720,3a32579c-40a4-4f8c-addc-2e8179ac4393,,,65395.26,95574000
2021-07-28 04:15:10+00,ABB-111863-3Q15-3720,3a32579c-40a4-4f8c-addc-2e8179ac4393,,,34133.77,95557000
2021-07-28 04:00:15+00,ABB-111863-3Q15-3720,3a32579c-40a4-4f8c-addc-2e8179ac4393,,,20782.51,95548000
2021-07-28 03:45:10+00,ABB-111863-3Q15-3720,3a32579c-40a4-4f8c-addc-2e8179ac4393,,,55449.89,95543000
2021-07-28 03:30:15+00,ABB-111863-3Q15-3720,3a32579c-40a4-4f8c-addc-2e8179ac4393,,,55346.5,95529000
2021-07-28 03:15:10+00,ABB-111863-3Q15-3720,3a32579c-40a4-4f8c-addc-2e8179ac4393,,,34057.43,95515000
2021-07-28 03:00:09+00,ABB-111863-3Q15-3720,3a32579c-40a4-4f8c-addc-2e8179ac4393,,,33332.31,95506000
2021-07-28 02:45:15+00,ABB-111863-3Q15-3720,3a32579c-40a4-4f8c-addc-2e8179ac4393,,,43566.85,95497000
2021-07-28 02:30:15+00,ABB-111863-3Q15-3720,3a32579c-40a4-4f8c-addc-2e8179ac4393,,,44812.93,95486000
2021-07-28 02:15:15+00,ABB-111863-3Q15-3720,3a32579c-40a4-4f8c-addc-2e8179ac4393,,,54343.1,95474000
2021-07-28 02:00:10+00,ABB-111863-3Q15-3720,3a32579c-40a4-4f8c-addc-2e8179ac4393,,,60984.22,95460000
2021-07-28 01:45:10+00,ABB-111863-3Q15-3720,3a32579c-40a4-4f8c-addc-2e8179ac4393,,,46105.44,95444000
2021-07-28 01:30:09+00,ABB-111863-3Q15-3720,3a32579c-40a4-4f8c-addc-2e8179ac4393,,,49388.34,95432000
2021-07-28 01:15:15+00,ABB-111863-3Q15-3720,3a32579c-40a4-4f8c-addc-2e8179ac4393,,,72403.46,95419000
2021-07-28 01:00:15+00,ABB-111863-3Q15-3720,3a32579c-40a4-4f8c-addc-2e8179ac4393,,,51261.08,95401000
2021-07-28 00:45:15+00,ABB-111863-3Q15-3720,3a32579c-40a4-4f8c-addc-2e8179ac4393,,,48468.62,95388000
2021-07-28 00:30:10+00,ABB-111863-3Q15-3720,3a32579c-40a4-4f8c-addc-2e8179ac4393,,,39345.71,95376000
2021-07-28 00:15:10+00,ABB-111863-3Q15-3720,3a32579c-40a4-4f8c-addc-2e8179ac4393,,,22095.82,95366000
2021-07-28 00:00:15+00,ABB-111863-3Q15-3720,3a32579c-40a4-4f8c-addc-2e8179ac4393,,,15761.55,95360000
2021-07-27 23:45:12+00,ABB-111863-3Q15-3720,3a32579c-40a4-4f8c-addc-2e8179ac4393,,,11606.15,95356000
2021-07-27 23:30:15+00,ABB-111863-3Q15-3720,3a32579c-40a4-4f8c-addc-2e8179ac4393,,,20327.74,95353000
2021-07-27 23:15:15+00,ABB-111863-3Q15-3720,3a32579c-40a4-4f8c-addc-2e8179ac4393,,,5841.23,95348000
2021-07-27 23:00:10+00,ABB-111863-3Q15-3720,3a32579c-40a4-4f8c-addc-2e8179ac4393,,,2236.12,95346000
2021-07-27 22:45:10+00,ABB-111863-3Q15-3720,3a32579c-40a4-4f8c-addc-2e8179ac4393,,,354.49,95345000
2021-07-27 22:30:12+00,ABB-111863-3Q15-3720,3a32579c-40a4-4f8c-addc-2e8179ac4393,,,0,95345000
2021-07-27 22:15:12+00,ABB-111863-3Q15-3720,3a32579c-40a4-4f8c-addc-2e8179ac4393,,,,
2021-07-27 22:00:15+00,ABB-111863-3Q15-3720,3a32579c-40a4-4f8c-addc-2e8179ac4393,,,,
2021-07-27 21:45:15+00,ABB-111863-3Q15-3720,3a32579c-40a4-4f8c-addc-2e8179ac4393,,,,
2021-07-27 21:30:10+00,ABB-111863-3Q15-3720,3a32579c-40a4-4f8c-addc-2e8179ac4393,,,,
2021-07-27 21:15:10+00,ABB-111863-3Q15-3720,3a32579c-40a4-4f8c-addc-2e8179ac4393,,,,
2021-07-27 21:00:12+00,ABB-111863-3Q15-3720,3a32579c-40a4-4f8c-addc-2e8179ac4393,,,,
2021-07-27 20:45:15+00,ABB-111863-3Q15-3720,3a32579c-40a4-4f8c-addc-2e8179ac4393,,,,
2021-07-27 20:30:15+00,ABB-111863-3Q15-3720,3a32579c-40a4-4f8c-addc-2e8179ac4393,,,,
2021-07-27 20:15:10+00,ABB-111863-3Q15-3720,3a32579c-40a4-4f8c-addc-2e8179ac4393,,,,
2021-07-27 20:00:10+00,ABB-111863-3Q15-3720,3a32579c-40a4-4f8c-addc-2e8179ac4393,,,,
2021-07-27 19:45:12+00,ABB-111863-3Q15-3720,3a32579c-40a4-4f8c-addc-2e8179ac4393,,,,
2021-07-27 19:30:15+00,ABB-111863-3Q15-3720,3a32579c-40a4-4f8c-addc-2e8179ac4393,,,,
2021-07-27 19:15:15+00,ABB-111863-3Q15-3720,3a32579c-40a4-4f8c-addc-2e8179ac4393,,,,
2021-07-27 19:00:10+00,ABB-111863-3Q15-3720,3a32579c-40a4-4f8c-addc-2e8179ac4393,,,,
2021-07-27 18:45:10+00,ABB-111863-3Q15-3720,3a32579c-40a4-4f8c-addc-2e8179ac4393,,,,
2021-07-27 18:30:12+00,ABB-111863-3Q15-3720,3a32579c-40a4-4f8c-addc-2e8179ac4393,,,,
2021-07-27 18:15:12+00,ABB-111863-3Q15-3720,3a32579c-40a4-4f8c-addc-2e8179ac4393,,,,
2021-07-27 18:00:15+00,ABB-111863-3Q15-3720,3a32579c-40a4-4f8c-addc-2e8179ac4393,,,,
2021-07-27 17:45:15+00,ABB-111863-3Q15-3720,3a32579c-40a4-4f8c-addc-2e8179ac4393,,,,
2021-07-27 17:30:10+00,ABB-111863-3Q15-3720,3a32579c-40a4-4f8c-addc-2e8179ac4393,,,,
2021-07-27 17:15:10+00,ABB-111863-3Q15-3720,3a32579c-40a4-4f8c-addc-2e8179ac4393,,,,
2021-07-27 17:00:12+00,ABB-111863-3Q15-3720,3a32579c-40a4-4f8c-addc-2e8179ac4393,,,,
2021-07-28 16:15:16+00,ABB-111865-3Q15-3720,3a32579c-40a4-4f8c-addc-2e8179ac4393,,,,
2021-07-28 16:00:15+00,ABB-111865-3Q15-3720,3a32579c-40a4-4f8c-addc-2e8179ac4393,,,,
2021-07-28 15:45:15+00,ABB-111865-3Q15-3720,3a32579c-40a4-4f8c-addc-2e8179ac4393,,,,
2021-07-28 15:30:16+00,ABB-111865-3Q15-3720,3a32579c-40a4-4f8c-addc-2e8179ac4393,,,,
2021-07-28 15:15:15+00,ABB-111865-3Q15-3720,3a32579c-40a4-4f8c-addc-2e8179ac4393,,,,
2021-07-28 15:00:15+00,ABB-111865-3Q15-3720,3a32579c-40a4-4f8c-addc-2e8179ac4393,,,,
2021-07-28 14:45:16+00,ABB-111865-3Q15-3720,3a32579c-40a4-4f8c-addc-2e8179ac4393,,,,
2021-07-28 14:30:15+00,ABB-111865-3Q15-3720,3a32579c-40a4-4f8c-addc-2e8179ac4393,,,,
2021-07-28 14:15:15+00,ABB-111865-3Q15-3720,3a32579c-40a4-4f8c-addc-2e8179ac4393,,,,
2021-07-28 14:00:16+00,ABB-111865-3Q15-3720,3a32579c-40a4-4f8c-addc-2e8179ac4393,,,,
2021-07-28 13:45:15+00,ABB-111865-3Q15-3720,3a32579c-40a4-4f8c-addc-2e8179ac4393,,,,
2021-07-28 13:30:15+00,ABB-111865-3Q15-3720,3a32579c-40a4-4f8c-addc-2e8179ac4393,,,,
2021-07-28 13:15:15+00,ABB-111865-3Q15-3720,3a32579c-40a4-4f8c-addc-2e8179ac4393,,,,
2021-07-28 13:00:16+00,ABB-111865-3Q15-3720,3a32579c-40a4-4f8c-addc-2e8179ac4393,,,,
2021-07-28 12:45:15+00,ABB-111865-3Q15-3720,3a32579c-40a4-4f8c-addc-2e8179ac4393,,,,
2021-07-28 12:30:15+00,ABB-111865-3Q15-3720,3a32579c-40a4-4f8c-addc-2e8179ac4393,,,,
2021-07-28 12:15:16+00,ABB-111865-3Q15-3720,3a32579c-40a4-4f8c-addc-2e8179ac4393,,,,
2021-07-28 12:00:15+00,ABB-111865-3Q15-3720,3a32579c-40a4-4f8c-addc-2e8179ac4393,,,,
2021-07-28 11:45:15+00,ABB-111865-3Q15-3720,3a32579c-40a4-4f8c-addc-2e8179ac4393,,,,
2021-07-28 11:30:15+00,ABB-111865-3Q15-3720,3a32579c-40a4-4f8c-addc-2e8179ac4393,,,,
2021-07-28 11:15:10+00,ABB-111865-3Q15-3720,3a32579c-40a4-4f8c-addc-2e8179ac4393,,,,
2021-07-28 11:00:15+00,ABB-111865-3Q15-3720,3a32579c-40a4-4f8c-addc-2e8179ac4393,,,61.41,88770000
2021-07-28 10:45:10+00,ABB-111865-3Q15-3720,3a32579c-40a4-4f8c-addc-2e8179ac4393,,,132.37,88770000
2021-07-28 10:30:15+00,ABB-111865-3Q15-3720,3a32579c-40a4-4f8c-addc-2e8179ac4393,,,1205.31,88770000
2021-07-28 10:15:10+00,ABB-111865-3Q15-3720,3a32579c-40a4-4f8c-addc-2e8179ac4393,,,5084.06,88770000
2021-07-28 10:00:09+00,ABB-111865-3Q15-3720,3a32579c-40a4-4f8c-addc-2e8179ac4393,,,10993.23,88769000
2021-07-28 09:45:15+00,ABB-111865-3Q15-3720,3a32579c-40a4-4f8c-addc-2e8179ac4393,,,14746.31,88766000
2021-07-28 09:30:10+00,ABB-111865-3Q15-3720,3a32579c-40a4-4f8c-addc-2e8179ac4393,,,9928.58,88762000
2021-07-28 09:15:15+00,ABB-111865-3Q15-3720,3a32579c-40a4-4f8c-addc-2e8179ac4393,,,13121.95,88760000
2021-07-28 09:00:10+00,ABB-111865-3Q15-3720,3a32579c-40a4-4f8c-addc-2e8179ac4393,,,5264.8,88757000
2021-07-28 08:45:15+00,ABB-111865-3Q15-3720,3a32579c-40a4-4f8c-addc-2e8179ac4393,,,4741.71,88756000
2021-07-28 08:30:10+00,ABB-111865-3Q15-3720,3a32579c-40a4-4f8c-addc-2e8179ac4393,,,13685.65,88755000
2021-07-28 08:15:09+00,ABB-111865-3Q15-3720,3a32579c-40a4-4f8c-addc-2e8179ac4393,,,18441.07,88752000
2021-07-28 08:00:09+00,ABB-111865-3Q15-3720,3a32579c-40a4-4f8c-addc-2e8179ac4393,,,27476.77,88747000
2021-07-28 07:45:15+00,ABB-111865-3Q15-3720,3a32579c-40a4-4f8c-addc-2e8179ac4393,,,29828.69,88740000
2021-07-28 07:30:10+00,ABB-111865-3Q15-3720,3a32579c-40a4-4f8c-addc-2e8179ac4393,,,30145.34,88732000
2021-07-28 07:15:15+00,ABB-111865-3Q15-3720,3a32579c-40a4-4f8c-addc-2e8179ac4393,,,34309.66,88724000
2021-07-28 07:00:10+00,ABB-111865-3Q15-3720,3a32579c-40a4-4f8c-addc-2e8179ac4393,,,38721.54,88715000
2021-07-28 06:45:15+00,ABB-111865-3Q15-3720,3a32579c-40a4-4f8c-addc-2e8179ac4393,,,24486.89,88705000
2021-07-28 06:30:10+00,ABB-111865-3Q15-3720,3a32579c-40a4-4f8c-addc-2e8179ac4393,,,22838.71,88699000
2021-07-28 06:15:09+00,ABB-111865-3Q15-3720,3a32579c-40a4-4f8c-addc-2e8179ac4393,,,17177.44,88693000
2021-07-28 06:00:15+00,ABB-111865-3Q15-3720,3a32579c-40a4-4f8c-addc-2e8179ac4393,,,12464.6,88689000
2021-07-28 05:45:10+00,ABB-111865-3Q15-3720,3a32579c-40a4-4f8c-addc-2e8179ac4393,,,30715.34,88686000
2021-07-28 05:30:15+00,ABB-111865-3Q15-3720,3a32579c-40a4-4f8c-addc-2e8179ac4393,,,14443.46,88678000
2021-07-28 05:15:10+00,ABB-111865-3Q15-3720,3a32579c-40a4-4f8c-addc-2e8179ac4393,,,57064.1,88674000
2021-07-28 05:00:15+00,ABB-111865-3Q15-3720,3a32579c-40a4-4f8c-addc-2e8179ac4393,,,39778.76,88660000
2021-07-28 04:45:10+00,ABB-111865-3Q15-3720,3a32579c-40a4-4f8c-addc-2e8179ac4393,,,72539.32,88650000
2021-07-28 04:30:09+00,ABB-111865-3Q15-3720,3a32579c-40a4-4f8c-addc-2e8179ac4393,,,64377.3,88632000
2021-07-28 04:15:10+00,ABB-111865-3Q15-3720,3a32579c-40a4-4f8c-addc-2e8179ac4393,,,35378.25,88616000
2021-07-28 04:00:15+00,ABB-111865-3Q15-3720,3a32579c-40a4-4f8c-addc-2e8179ac4393,,,19921.55,88607000
2021-07-28 03:45:10+00,ABB-111865-3Q15-3720,3a32579c-40a4-4f8c-addc-2e8179ac4393,,,54658.16,88602000
2021-07-28 03:30:15+00,ABB-111865-3Q15-3720,3a32579c-40a4-4f8c-addc-2e8179ac4393,,,56366.01,88588000
2021-07-28 03:15:10+00,ABB-111865-3Q15-3720,3a32579c-40a4-4f8c-addc-2e8179ac4393,,,35449.17,88574000
2021-07-28 03:00:09+00,ABB-111865-3Q15-3720,3a32579c-40a4-4f8c-addc-2e8179ac4393,,,33737.09,88565000
2021-07-28 02:45:15+00,ABB-111865-3Q15-3720,3a32579c-40a4-4f8c-addc-2e8179ac4393,,,41814.39,88557000
2021-07-28 02:30:15+00,ABB-111865-3Q15-3720,3a32579c-40a4-4f8c-addc-2e8179ac4393,,,40430.36,88546000
2021-07-28 02:15:15+00,ABB-111865-3Q15-3720,3a32579c-40a4-4f8c-addc-2e8179ac4393,,,43450.22,88536000
2021-07-28 02:00:10+00,ABB-111865-3Q15-3720,3a32579c-40a4-4f8c-addc-2e8179ac4393,,,42999.32,88525000
2021-07-28 01:45:10+00,ABB-111865-3Q15-3720,3a32579c-40a4-4f8c-addc-2e8179ac4393,,,34751.29,88514000
2021-07-28 01:30:09+00,ABB-111865-3Q15-3720,3a32579c-40a4-4f8c-addc-2e8179ac4393,,,31412.67,88505000
2021-07-28 01:15:15+00,ABB-111865-3Q15-3720,3a32579c-40a4-4f8c-addc-2e8179ac4393,,,38944.74,88497000
2021-07-28 01:00:15+00,ABB-111865-3Q15-3720,3a32579c-40a4-4f8c-addc-2e8179ac4393,,,30277.84,88487000
2021-07-28 00:45:15+00,ABB-111865-3Q15-3720,3a32579c-40a4-4f8c-addc-2e8179ac4393,,,28314.73,88479000
2021-07-28 00:30:10+00,ABB-111865-3Q15-3720,3a32579c-40a4-4f8c-addc-2e8179ac4393,,,22946.73,88472000
2021-07-28 00:15:10+00,ABB-111865-3Q15-3720,3a32579c-40a4-4f8c-addc-2e8179ac4393,,,16256.21,88466000
2021-07-28 00:00:15+00,ABB-111865-3Q15-3720,3a32579c-40a4-4f8c-addc-2e8179ac4393,,,12860.46,88462000
2021-07-27 23:45:12+00,ABB-111865-3Q15-3720,3a32579c-40a4-4f8c-addc-2e8179ac4393,,,9192.25,88459000
2021-07-27 23:30:15+00,ABB-111865-3Q15-3720,3a32579c-40a4-4f8c-addc-2e8179ac4393,,,9926.28,88456000
2021-07-27 23:15:15+00,ABB-111865-3Q15-3720,3a32579c-40a4-4f8c-addc-2e8179ac4393,,,4276.17,88453000
2021-07-27 23:00:10+00,ABB-111865-3Q15-3720,3a32579c-40a4-4f8c-addc-2e8179ac4393,,,1666.49,88452000
2021-07-27 22:45:10+00,ABB-111865-3Q15-3720,3a32579c-40a4-4f8c-addc-2e8179ac4393,,,203.78,88451000
2021-07-27 22:30:12+00,ABB-111865-3Q15-3720,3a32579c-40a4-4f8c-addc-2e8179ac4393,,,,
2021-07-27 22:15:12+00,ABB-111865-3Q15-3720,3a32579c-40a4-4f8c-addc-2e8179ac4393,,,,
2021-07-27 22:00:15+00,ABB-111865-3Q15-3720,3a32579c-40a4-4f8c-addc-2e8179ac4393,,,,
2021-07-27 21:45:15+00,ABB-111865-3Q15-3720,3a32579c-40a4-4f8c-addc-2e8179ac4393,,,,
2021-07-27 21:30:10+00,ABB-111865-3Q15-3720,3a32579c-40a4-4f8c-addc-2e8179ac4393,,,,
2021-07-27 21:15:10+00,ABB-111865-3Q15-3720,3a32579c-40a4-4f8c-addc-2e8179ac4393,,,,
2021-07-27 21:00:12+00,ABB-111865-3Q15-3720,3a32579c-40a4-4f8c-addc-2e8179ac4393,,,,
2021-07-27 20:45:15+00,ABB-111865-3Q15-3720,3a32579c-40a4-4f8c-addc-2e8179ac4393,,,,
2021-07-27 20:30:15+00,ABB-111865-3Q15-3720,3a32579c-40a4-4f8c-addc-2e8179ac4393,,,,
2021-07-27 20:15:10+00,ABB-111865-3Q15-3720,3a32579c-40a4-4f8c-addc-2e8179ac4393,,,,
2021-07-27 20:00:10+00,ABB-111865-3Q15-3720,3a32579c-40a4-4f8c-addc-2e8179ac4393,,,,
2021-07-27 19:45:12+00,ABB-111865-3Q15-3720,3a32579c-40a4-4f8c-addc-2e8179ac4393,,,,
2021-07-27 19:30:15+00,ABB-111865-3Q15-3720,3a32579c-40a4-4f8c-addc-2e8179ac4393,,,,
2021-07-27 19:15:15+00,ABB-111865-3Q15-3720,3a32579c-40a4-4f8c-addc-2e8179ac4393,,,,
2021-07-27 19:00:10+00,ABB-111865-3Q15-3720,3a32579c-40a4-4f8c-addc-2e8179ac4393,,,,
2021-07-27 18:45:10+00,ABB-111865-3Q15-3720,3a32579c-40a4-4f8c-addc-2e8179ac4393,,,,
2021-07-27 18:30:12+00,ABB-111865-3Q15-3720,3a32579c-40a4-4f8c-addc-2e8179ac4393,,,,
2021-07-27 18:15:12+00,ABB-111865-3Q15-3720,3a32579c-40a4-4f8c-addc-2e8179ac4393,,,,
2021-07-27 18:00:15+00,ABB-111865-3Q15-3720,3a32579c-40a4-4f8c-addc-2e8179ac4393,,,,
2021-07-27 17:45:15+00,ABB-111865-3Q15-3720,3a32579c-40a4-4f8c-addc-2e8179ac4393,,,,
2021-07-27 17:30:10+00,ABB-111865-3Q15-3720,3a32579c-40a4-4f8c-addc-2e8179ac4393,,,,
2021-07-27 17:15:10+00,ABB-111865-3Q15-3720,3a32579c-40a4-4f8c-addc-2e8179ac4393,,,,
2021-07-27 17:00:12+00,ABB-111865-3Q15-3720,3a32579c-40a4-4f8c-addc-2e8179ac4393,,,,
2021-07-28 16:15:16+00,ABB-118826-3Q15-4420,3a32579c-40a4-4f8c-addc-2e8179ac4393,,,,
2021-07-28 16:00:15+00,ABB-118826-3Q15-4420,3a32579c-40a4-4f8c-addc-2e8179ac4393,,,,
2021-07-28 15:45:15+00,ABB-118826-3Q15-4420,3a32579c-40a4-4f8c-addc-2e8179ac4393,,,,
2021-07-28 15:30:16+00,ABB-118826-3Q15-4420,3a32579c-40a4-4f8c-addc-2e8179ac4393,,,,
2021-07-28 15:15:15+00,ABB-118826-3Q15-4420,3a32579c-40a4-4f8c-addc-2e8179ac4393,,,,
2021-07-28 15:00:15+00,ABB-118826-3Q15-4420,3a32579c-40a4-4f8c-addc-2e8179ac4393,,,,
2021-07-28 14:45:16+00,ABB-118826-3Q15-4420,3a32579c-40a4-4f8c-addc-2e8179ac4393,,,,
2021-07-28 14:30:15+00,ABB-118826-3Q15-4420,3a32579c-40a4-4f8c-addc-2e8179ac4393,,,,
2021-07-28 14:15:15+00,ABB-118826-3Q15-4420,3a32579c-40a4-4f8c-addc-2e8179ac4393,,,,
2021-07-28 14:00:16+00,ABB-118826-3Q15-4420,3a32579c-40a4-4f8c-addc-2e8179ac4393,,,,
2021-07-28 13:45:15+00,ABB-118826-3Q15-4420,3a32579c-40a4-4f8c-addc-2e8179ac4393,,,,
2021-07-28 13:30:15+00,ABB-118826-3Q15-4420,3a32579c-40a4-4f8c-addc-2e8179ac4393,,,,
2021-07-28 13:15:15+00,ABB-118826-3Q15-4420,3a32579c-40a4-4f8c-addc-2e8179ac4393,,,,
2021-07-28 13:00:16+00,ABB-118826-3Q15-4420,3a32579c-40a4-4f8c-addc-2e8179ac4393,,,,
2021-07-28 12:45:15+00,ABB-118826-3Q15-4420,3a32579c-40a4-4f8c-addc-2e8179ac4393,,,,
2021-07-28 12:30:15+00,ABB-118826-3Q15-4420,3a32579c-40a4-4f8c-addc-2e8179ac4393,,,,
2021-07-28 12:15:16+00,ABB-118826-3Q15-4420,3a32579c-40a4-4f8c-addc-2e8179ac4393,,,,
2021-07-28 12:00:15+00,ABB-118826-3Q15-4420,3a32579c-40a4-4f8c-addc-2e8179ac4393,,,,
2021-07-28 11:45:15+00,ABB-118826-3Q15-4420,3a32579c-40a4-4f8c-addc-2e8179ac4393,,,,
2021-07-28 11:30:15+00,ABB-118826-3Q15-4420,3a32579c-40a4-4f8c-addc-2e8179ac4393,,,,
2021-07-28 11:15:10+00,ABB-118826-3Q15-4420,3a32579c-40a4-4f8c-addc-2e8179ac4393,,,,
2021-07-28 11:00:15+00,ABB-118826-3Q15-4420,3a32579c-40a4-4f8c-addc-2e8179ac4393,,,0,50527000
2021-07-28 10:45:10+00,ABB-118826-3Q15-4420,3a32579c-40a4-4f8c-addc-2e8179ac4393,,,0,50527000
2021-07-28 10:30:15+00,ABB-118826-3Q15-4420,3a32579c-40a4-4f8c-addc-2e8179ac4393,,,0,50527000
2021-07-28 10:15:10+00,ABB-118826-3Q15-4420,3a32579c-40a4-4f8c-addc-2e8179ac4393,,,256.69,50527000
2021-07-28 10:00:09+00,ABB-118826-3Q15-4420,3a32579c-40a4-4f8c-addc-2e8179ac4393,,,743.14,50527000
2021-07-28 09:45:15+00,ABB-118826-3Q15-4420,3a32579c-40a4-4f8c-addc-2e8179ac4393,,,1207.26,50527000
2021-07-28 09:30:10+00,ABB-118826-3Q15-4420,3a32579c-40a4-4f8c-addc-2e8179ac4393,,,795.56,50526000
2021-07-28 09:15:15+00,ABB-118826-3Q15-4420,3a32579c-40a4-4f8c-addc-2e8179ac4393,,,1219.56,50525000
2021-07-28 09:00:10+00,ABB-118826-3Q15-4420,3a32579c-40a4-4f8c-addc-2e8179ac4393,,,402.61,50525000
2021-07-28 08:45:15+00,ABB-118826-3Q15-4420,3a32579c-40a4-4f8c-addc-2e8179ac4393,,,330.61,50525000
2021-07-28 08:30:10+00,ABB-118826-3Q15-4420,3a32579c-40a4-4f8c-addc-2e8179ac4393,,,1275.15,50525000
2021-07-28 08:15:09+00,ABB-118826-3Q15-4420,3a32579c-40a4-4f8c-addc-2e8179ac4393,,,1803.67,50524000
2021-07-28 08:00:09+00,ABB-118826-3Q15-4420,3a32579c-40a4-4f8c-addc-2e8179ac4393,,,3151.35,50524000
2021-07-28 07:45:15+00,ABB-118826-3Q15-4420,3a32579c-40a4-4f8c-addc-2e8179ac4393,,,3642.27,50523000
2021-07-28 07:30:10+00,ABB-118826-3Q15-4420,3a32579c-40a4-4f8c-addc-2e8179ac4393,,,3691.02,50522000
2021-07-28 07:15:15+00,ABB-118826-3Q15-4420,3a32579c-40a4-4f8c-addc-2e8179ac4393,,,4163.21,50521000
2021-07-28 07:00:10+00,ABB-118826-3Q15-4420,3a32579c-40a4-4f8c-addc-2e8179ac4393,,,4633.26,50520000
2021-07-28 06:45:15+00,ABB-118826-3Q15-4420,3a32579c-40a4-4f8c-addc-2e8179ac4393,,,3178.75,50519000
2021-07-28 06:30:10+00,ABB-118826-3Q15-4420,3a32579c-40a4-4f8c-addc-2e8179ac4393,,,2602.69,50518000
2021-07-28 06:15:09+00,ABB-118826-3Q15-4420,3a32579c-40a4-4f8c-addc-2e8179ac4393,,,1455.41,50517000
2021-07-28 06:00:15+00,ABB-118826-3Q15-4420,3a32579c-40a4-4f8c-addc-2e8179ac4393,,,1295.41,50517000
2021-07-28 05:45:10+00,ABB-118826-3Q15-4420,3a32579c-40a4-4f8c-addc-2e8179ac4393,,,3418,50517000
2021-07-28 05:30:15+00,ABB-118826-3Q15-4420,3a32579c-40a4-4f8c-addc-2e8179ac4393,,,1470.43,50516000
2021-07-28 05:15:10+00,ABB-118826-3Q15-4420,3a32579c-40a4-4f8c-addc-2e8179ac4393,,,5460.37,50515000
2021-07-28 05:00:15+00,ABB-118826-3Q15-4420,3a32579c-40a4-4f8c-addc-2e8179ac4393,,,4458.65,50514000
2021-07-28 04:45:10+00,ABB-118826-3Q15-4420,3a32579c-40a4-4f8c-addc-2e8179ac4393,,,8229.77,50513000
2021-07-28 04:30:09+00,ABB-118826-3Q15-4420,3a32579c-40a4-4f8c-addc-2e8179ac4393,,,8464.15,50511000
2021-07-28 04:15:10+00,ABB-118826-3Q15-4420,3a32579c-40a4-4f8c-addc-2e8179ac4393,,,4125.88,50509000
2021-07-28 04:00:15+00,ABB-118826-3Q15-4420,3a32579c-40a4-4f8c-addc-2e8179ac4393,,,2193.67,50508000
2021-07-28 03:45:10+00,ABB-118826-3Q15-4420,3a32579c-40a4-4f8c-addc-2e8179ac4393,,,5739.58,50507000
2021-07-28 03:30:15+00,ABB-118826-3Q15-4420,3a32579c-40a4-4f8c-addc-2e8179ac4393,,,6714.47,50506000
2021-07-28 03:15:10+00,ABB-118826-3Q15-4420,3a32579c-40a4-4f8c-addc-2e8179ac4393,,,3911.21,50505000
2021-07-28 03:00:09+00,ABB-118826-3Q15-4420,3a32579c-40a4-4f8c-addc-2e8179ac4393,,,3779.68,50504000
2021-07-28 02:45:15+00,ABB-118826-3Q15-4420,3a32579c-40a4-4f8c-addc-2e8179ac4393,,,4861.02,50503000
2021-07-28 02:30:15+00,ABB-118826-3Q15-4420,3a32579c-40a4-4f8c-addc-2e8179ac4393,,,4749.23,50502000
2021-07-28 02:15:15+00,ABB-118826-3Q15-4420,3a32579c-40a4-4f8c-addc-2e8179ac4393,,,4959.32,50501000
2021-07-28 02:00:10+00,ABB-118826-3Q15-4420,3a32579c-40a4-4f8c-addc-2e8179ac4393,,,4941.04,50500000
2021-07-28 01:45:10+00,ABB-118826-3Q15-4420,3a32579c-40a4-4f8c-addc-2e8179ac4393,,,3687.72,50499000
2021-07-28 01:30:09+00,ABB-118826-3Q15-4420,3a32579c-40a4-4f8c-addc-2e8179ac4393,,,3313.4,50498000
2021-07-28 01:15:15+00,ABB-118826-3Q15-4420,3a32579c-40a4-4f8c-addc-2e8179ac4393,,,4002.83,50497000
2021-07-28 01:00:15+00,ABB-118826-3Q15-4420,3a32579c-40a4-4f8c-addc-2e8179ac4393,,,3278.91,50496000
2021-07-28 00:45:15+00,ABB-118826-3Q15-4420,3a32579c-40a4-4f8c-addc-2e8179ac4393,,,3048.03,50495000
2021-07-28 00:30:10+00,ABB-118826-3Q15-4420,3a32579c-40a4-4f8c-addc-2e8179ac4393,,,2306.41,50495000
2021-07-28 00:15:10+00,ABB-118826-3Q15-4420,3a32579c-40a4-4f8c-addc-2e8179ac4393,,,1645,50494000
2021-07-28 00:00:15+00,ABB-118826-3Q15-4420,3a32579c-40a4-4f8c-addc-2e8179ac4393,,,1213.78,50493000
2021-07-27 23:45:12+00,ABB-118826-3Q15-4420,3a32579c-40a4-4f8c-addc-2e8179ac4393,,,749.06,50493000
2021-07-27 23:30:15+00,ABB-118826-3Q15-4420,3a32579c-40a4-4f8c-addc-2e8179ac4393,,,485.23,50493000
2021-07-27 23:15:15+00,ABB-118826-3Q15-4420,3a32579c-40a4-4f8c-addc-2e8179ac4393,,,140.78,50493000
2021-07-27 23:00:10+00,ABB-118826-3Q15-4420,3a32579c-40a4-4f8c-addc-2e8179ac4393,,,0,50493000
2021-07-27 22:45:10+00,ABB-118826-3Q15-4420,3a32579c-40a4-4f8c-addc-2e8179ac4393,,,,
2021-07-27 22:30:12+00,ABB-118826-3Q15-4420,3a32579c-40a4-4f8c-addc-2e8179ac4393,,,,
2021-07-27 22:15:12+00,ABB-118826-3Q15-4420,3a32579c-40a4-4f8c-addc-2e8179ac4393,,,,
2021-07-27 22:00:15+00,ABB-118826-3Q15-4420,3a32579c-40a4-4f8c-addc-2e8179ac4393,,,,
2021-07-27 21:45:15+00,ABB-118826-3Q15-4420,3a32579c-40a4-4f8c-addc-2e8179ac4393,,,,
2021-07-27 21:30:10+00,ABB-118826-3Q15-4420,3a32579c-40a4-4f8c-addc-2e8179ac4393,,,,
2021-07-27 21:15:10+00,ABB-118826-3Q15-4420,3a32579c-40a4-4f8c-addc-2e8179ac4393,,,,
2021-07-27 21:00:12+00,ABB-118826-3Q15-4420,3a32579c-40a4-4f8c-addc-2e8179ac4393,,,,
2021-07-27 20:45:15+00,ABB-118826-3Q15-4420,3a32579c-40a4-4f8c-addc-2e8179ac4393,,,,
2021-07-27 20:30:15+00,ABB-118826-3Q15-4420,3a32579c-40a4-4f8c-addc-2e8179ac4393,,,,
2021-07-27 20:15:10+00,ABB-118826-3Q15-4420,3a32579c-40a4-4f8c-addc-2e8179ac4393,,,,
2021-07-27 20:00:10+00,ABB-118826-3Q15-4420,3a32579c-40a4-4f8c-addc-2e8179ac4393,,,,
2021-07-27 19:45:12+00,ABB-118826-3Q15-4420,3a32579c-40a4-4f8c-addc-2e8179ac4393,,,,
2021-07-27 19:30:15+00,ABB-118826-3Q15-4420,3a32579c-40a4-4f8c-addc-2e8179ac4393,,,,
2021-07-27 19:15:15+00,ABB-118826-3Q15-4420,3a32579c-40a4-4f8c-addc-2e8179ac4393,,,,
2021-07-27 19:00:10+00,ABB-118826-3Q15-4420,3a32579c-40a4-4f8c-addc-2e8179ac4393,,,,
2021-07-27 18:45:10+00,ABB-118826-3Q15-4420,3a32579c-40a4-4f8c-addc-2e8179ac4393,,,,
2021-07-27 18:30:12+00,ABB-118826-3Q15-4420,3a32579c-40a4-4f8c-addc-2e8179ac4393,,,,
2021-07-27 18:15:12+00,ABB-118826-3Q15-4420,3a32579c-40a4-4f8c-addc-2e8179ac4393,,,,
2021-07-27 18:00:15+00,ABB-118826-3Q15-4420,3a32579c-40a4-4f8c-addc-2e8179ac4393,,,,
2021-07-27 17:45:15+00,ABB-118826-3Q15-4420,3a32579c-40a4-4f8c-addc-2e8179ac4393,,,,
2021-07-27 17:30:10+00,ABB-118826-3Q15-4420,3a32579c-40a4-4f8c-addc-2e8179ac4393,,,,
2021-07-27 17:15:10+00,ABB-118826-3Q15-4420,3a32579c-40a4-4f8c-addc-2e8179ac4393,,,,
2021-07-27 17:00:12+00,ABB-118826-3Q15-4420,3a32579c-40a4-4f8c-addc-2e8179ac4393,,,,
